marque,modele,annee,km,carburant,boite,puissance,wilaya,prix
Dacia,Dokker,2019,264178,Diesel,Manuelle,176,Constantine,1450000
Chevrolet,Aveo,2008,196335,Diesel,Manuelle,56,Bejaia,350000
Kia,Rio,2005,189779,Diesel,Manuelle,143,Alger,1150000
Fiat,Tipo,2020,70725,Essence,Manuelle,162,Tlemcen,1750000
Seat,Arona,2009,8890,Diesel,Manuelle,72,Annaba,850000
Peugeot,207,2013,73148,Essence,Manuelle,114,Tlemcen,900000
Chevrolet,Captiva,2007,85077,Essence,Manuelle,58,Oran,500000
Kia,Rio,2008,176829,Essence,Automatique,98,Oran,800000
Toyota,Corolla,2020,16534,Essence,Manuelle,175,Setif,2400000
Peugeot,308,2017,241584,Essence,Manuelle,143,Tlemcen,1000000
Renault,Megane,2012,129375,Essence,Manuelle,62,Constantine,450000
Hyundai,i20,2011,331649,Essence,Automatique,126,Annaba,950000
Dacia,Duster,2009,278109,Diesel,Manuelle,155,Tlemcen,1300000
Renault,Duster,2018,95982,Essence,Manuelle,144,Oran,1500000
Volkswagen,Passat,2011,127096,Essence,Manuelle,148,Blida,1250000
Toyota,Yaris,2011,342594,Diesel,Automatique,96,Blida,900000
Hyundai,i20,2016,205235,Essence,Automatique,176,Tlemcen,1700000
Dacia,Logan,2005,166152,Essence,Manuelle,170,Blida,1350000
Dacia,Logan,2012,141602,Essence,Manuelle,105,Oran,700000
Kia,Cerato,2013,123451,Essence,Automatique,106,Annaba,850000
Peugeot,208,2021,72172,Essence,Manuelle,167,Oran,1900000
Kia,Sportage,2009,274536,Diesel,Manuelle,107,Annaba,1000000
Kia,Cerato,2008,188734,Diesel,Manuelle,92,Bejaia,750000
Peugeot,Partner,2015,115078,Essence,Automatique,178,Constantine,1350000
Volkswagen,Tiguan,2008,39754,Diesel,Manuelle,125,Annaba,1650000
Chevrolet,Spark,2011,278255,Essence,Manuelle,143,Oran,1050000
Fiat,500,2011,313987,Essence,Automatique,170,Annaba,1100000
Renault,Megane,2009,122796,Diesel,Manuelle,159,Constantine,1300000
Volkswagen,Tiguan,2005,279327,Diesel,Automatique,90,Setif,1150000
Volkswagen,Tiguan,2007,138272,Essence,Manuelle,136,Oran,1500000
Seat,Ibiza,2008,290472,Essence,Manuelle,174,Bejaia,1300000
Volkswagen,Golf,2005,261687,Essence,Manuelle,173,Setif,1350000
Kia,Rio,2017,210362,Diesel,Manuelle,152,Blida,1200000
Renault,Duster,2020,50714,Diesel,Manuelle,71,Annaba,1750000
Hyundai,i20,2007,168707,Essence,Automatique,167,Setif,1550000
Volkswagen,Tiguan,2005,129019,Essence,Manuelle,141,Alger,1450000
Peugeot,206,2014,41631,Essence,Manuelle,77,Oran,550000
Fiat,Palio,2021,163823,Diesel,Manuelle,102,Tlemcen,1100000
Dacia,Logan,2007,34592,Diesel,Manuelle,61,Alger,450000
Toyota,Yaris,2012,273799,Essence,Manuelle,169,Tlemcen,1300000
Peugeot,207,2023,98848,Essence,Automatique,76,Oran,2100000
Renault,Megane,2014,189078,Essence,Manuelle,151,Bejaia,1200000
Hyundai,Elantra,2008,202484,Essence,Manuelle,153,Tlemcen,1100000
Peugeot,301,2014,227866,Diesel,Manuelle,146,Oran,1000000
Hyundai,i20,2013,105235,Essence,Manuelle,55,Tlemcen,450000
Kia,Cerato,2012,192628,Essence,Automatique,157,Bejaia,1300000
Kia,Picanto,2007,221139,Diesel,Manuelle,140,Alger,1050000
Hyundai,Elantra,2021,56293,Diesel,Manuelle,130,Bejaia,1750000
Hyundai,Elantra,2008,323717,Essence,Manuelle,64,Setif,450000
Peugeot,301,2014,28289,GPL,Manuelle,174,Blida,1350000
Chevrolet,Spark,2006,99704,Diesel,Manuelle,138,Bejaia,1050000
Volkswagen,Tiguan,2005,9000,Diesel,Automatique,66,Constantine,1300000
Chevrolet,Optra,2015,156836,Essence,Manuelle,56,Blida,300000
Volkswagen,Passat,2021,30351,Essence,Manuelle,88,Constantine,1700000
Toyota,Corolla,2022,162164,GPL,Manuelle,143,Blida,2450000
Toyota,Corolla,2009,23888,Diesel,Manuelle,153,Bejaia,1450000
Renault,Duster,2016,172280,Diesel,Manuelle,153,Alger,1450000
Renault,Megane,2020,124180,Diesel,Manuelle,66,Blida,1150000
Seat,Arona,2018,56934,GPL,Manuelle,165,Bejaia,1550000
Volkswagen,Tiguan,2008,123324,Diesel,Automatique,163,Blida,1900000
Dacia,Logan,2009,43102,Essence,Manuelle,165,Annaba,1300000
Fiat,Tipo,2021,213124,Diesel,Manuelle,94,Oran,1000000
Fiat,Palio,2009,93092,Essence,Automatique,166,Blida,1200000
Toyota,Yaris,2011,173152,Diesel,Manuelle,178,Tlemcen,1650000
Kia,Sportage,2014,229786,Essence,Manuelle,67,Oran,650000
Fiat,Tipo,2012,161542,Diesel,Manuelle,131,Annaba,1000000
Renault,Clio,2005,247804,GPL,Manuelle,86,Blida,500000
Hyundai,Tucson,2015,212611,Essence,Manuelle,74,Alger,750000
Seat,Ibiza,2018,264214,Essence,Manuelle,172,Constantine,1450000
Seat,Arona,2016,16023,Diesel,Manuelle,82,Blida,950000
Toyota,Corolla,2012,110787,Diesel,Manuelle,95,Annaba,1100000
Kia,Sportage,2021,345896,Essence,Manuelle,166,Blida,1900000
Volkswagen,Golf,2010,61178,Diesel,Manuelle,120,Oran,1300000
Peugeot,208,2017,173964,Essence,Manuelle,119,Oran,950000
Renault,Logan,2021,313684,Essence,Manuelle,55,Blida,700000
Kia,Cerato,2021,196172,GPL,Automatique,107,Tlemcen,1500000
Hyundai,i20,2014,189402,Essence,Manuelle,164,Alger,1400000
Toyota,Corolla,2005,304888,Diesel,Manuelle,149,Bejaia,1150000
Fiat,Palio,2007,99074,Essence,Automatique,162,Blida,1100000
Seat,Ibiza,2020,286342,Essence,Manuelle,139,Setif,1400000
Volkswagen,Passat,2010,332359,Essence,Manuelle,152,Oran,1200000
Volkswagen,Passat,2006,320557,Essence,Automatique,84,Tlemcen,750000
Renault,Duster,2008,322623,Diesel,Manuelle,138,Bejaia,1050000
Kia,Picanto,2006,74836,Essence,Manuelle,129,Constantine,1050000
Dacia,Duster,2020,207846,Essence,Manuelle,58,Bejaia,1050000
Seat,Arona,2007,336868,GPL,Manuelle,105,Constantine,800000
Peugeot,301,2014,41668,Essence,Manuelle,59,Alger,450000
Peugeot,206,2018,96865,Diesel,Manuelle,175,Tlemcen,1600000
Chevrolet,Optra,2015,188868,Essence,Automatique,62,Alger,400000
Toyota,Hilux,2019,116317,Essence,Manuelle,132,Bejaia,2300000
Fiat,Palio,2023,141194,Diesel,Manuelle,165,Annaba,2000000
Fiat,Palio,2007,301818,Essence,Manuelle,155,Annaba,900000
Seat,Ibiza,2011,250885,Essence,Automatique,138,Alger,1050000
Volkswagen,Golf,2017,31734,Diesel,Manuelle,165,Bejaia,1600000
Volkswagen,Polo,2013,196076,Essence,Manuelle,152,Constantine,1250000
Kia,Picanto,2005,121421,Essence,Manuelle,148,Constantine,1100000
Chevrolet,Captiva,2013,149118,Essence,Manuelle,155,Annaba,1350000
Kia,Rio,2015,127883,Essence,Automatique,148,Bejaia,1300000
Seat,Leon,2019,15954,Diesel,Manuelle,98,Blida,1100000
Kia,Cerato,2023,194139,Essence,Manuelle,101,Alger,2050000
Kia,Picanto,2015,37254,Essence,Manuelle,87,Setif,700000
Fiat,Punto,2014,306953,Essence,Automatique,119,Tlemcen,800000
Renault,Clio,2015,98070,Essence,Manuelle,148,Tlemcen,1250000
Peugeot,Partner,2015,201513,Essence,Manuelle,94,Bejaia,650000
Chevrolet,Captiva,2013,63596,Essence,Manuelle,139,Blida,1250000
Fiat,Palio,2008,153056,Diesel,Manuelle,94,Bejaia,600000
Volkswagen,Golf,2010,223134,Essence,Manuelle,71,Alger,600000
Peugeot,Partner,2012,97263,Diesel,Manuelle,60,Constantine,500000
Chevrolet,Optra,2019,338468,Essence,Manuelle,81,Annaba,700000
Seat,Ibiza,2009,37154,Diesel,Manuelle,140,Oran,1150000
Fiat,Punto,2010,159782,Essence,Manuelle,106,Bejaia,700000
Chevrolet,Aveo,2019,89291,Diesel,Manuelle,149,Constantine,1500000
Toyota,Corolla,2015,135330,Essence,Manuelle,128,Bejaia,1200000
Chevrolet,Captiva,2019,81077,Diesel,Automatique,158,Setif,1750000
Renault,Megane,2015,175987,Diesel,Manuelle,174,Blida,1400000
Fiat,Punto,2013,255869,Essence,Manuelle,95,Setif,600000
Renault,Duster,2018,183595,Essence,Automatique,117,Setif,1350000
Chevrolet,Captiva,2019,323408,Diesel,Manuelle,111,Blida,1200000
Volkswagen,Passat,2015,144649,Essence,Manuelle,145,Alger,1300000
Volkswagen,Polo,2011,287100,Diesel,Manuelle,117,Constantine,1050000
Peugeot,308,2021,251726,GPL,Manuelle,74,Setif,950000
Chevrolet,Aveo,2011,211592,Essence,Manuelle,105,Constantine,700000
Renault,Duster,2020,98607,Diesel,Manuelle,169,Tlemcen,2300000
Kia,Cerato,2021,31737,Essence,Manuelle,58,Alger,1150000
Dacia,Duster,2007,83623,Essence,Automatique,88,Annaba,900000
Dacia,Dokker,2022,221454,Diesel,Manuelle,173,Constantine,1850000
Chevrolet,Optra,2019,339402,Diesel,Manuelle,62,Oran,600000
Chevrolet,Optra,2018,89458,GPL,Automatique,108,Blida,900000
Dacia,Dokker,2022,273294,Diesel,Manuelle,139,Constantine,1500000
Volkswagen,Tiguan,2022,265910,Diesel,Manuelle,56,Constantine,2150000
Toyota,Yaris,2009,137351,Diesel,Manuelle,98,Constantine,1100000
Kia,Cerato,2021,261713,Diesel,Automatique,141,Bejaia,1700000
Peugeot,208,2021,7573,Diesel,Manuelle,79,Tlemcen,1250000
Kia,Sportage,2018,121739,Essence,Automatique,152,Tlemcen,1850000
Kia,Rio,2014,193456,Essence,Manuelle,79,Setif,650000
Dacia,Sandero,2014,21725,Essence,Automatique,60,Constantine,500000
Seat,Ibiza,2011,229137,Diesel,Manuelle,146,Setif,1050000
Peugeot,301,2015,197192,Essence,Manuelle,80,Blida,550000
Chevrolet,Captiva,2008,227320,Diesel,Manuelle,108,Oran,850000
Chevrolet,Optra,2009,64129,Essence,Manuelle,153,Annaba,1000000
Peugeot,206,2006,137596,Essence,Manuelle,55,Alger,400000
Chevrolet,Optra,2011,29354,Diesel,Automatique,98,Constantine,750000
Peugeot,301,2023,96748,Essence,Automatique,115,Alger,2450000
Dacia,Sandero,2019,156563,Essence,Automatique,62,Tlemcen,800000
Dacia,Sandero,2020,325197,GPL,Automatique,66,Tlemcen,750000
Seat,Ibiza,2019,42641,Diesel,Automatique,80,Blida,1100000
Dacia,Logan,2019,144892,Diesel,Manuelle,126,Oran,1250000
Peugeot,Partner,2011,286570,Essence,Automatique,71,Setif,500000
Volkswagen,Tiguan,2017,215017,Diesel,Manuelle,144,Tlemcen,1500000
Dacia,Duster,2021,311691,Diesel,Manuelle,136,Alger,1800000
Fiat,Tipo,2006,128618,Diesel,Manuelle,173,Blida,1250000
Volkswagen,Passat,2011,21371,Essence,Manuelle,116,Blida,1150000
Chevrolet,Spark,2019,110373,Essence,Manuelle,59,Alger,600000
Volkswagen,Golf,2018,29951,Essence,Manuelle,116,Blida,1250000
Renault,Duster,2018,248662,Essence,Manuelle,142,Annaba,1300000
Fiat,Punto,2009,243506,Diesel,Automatique,117,Setif,800000
Peugeot,206,2011,347579,Essence,Manuelle,147,Tlemcen,950000
Volkswagen,Golf,2018,344273,Essence,Manuelle,95,Alger,1000000
Chevrolet,Optra,2009,78781,GPL,Automatique,153,Annaba,1200000
Fiat,500,2022,164903,Essence,Manuelle,179,Tlemcen,1700000
Toyota,Corolla,2009,246249,Essence,Manuelle,177,Annaba,1500000
Volkswagen,Golf,2006,293075,Essence,Manuelle,79,Blida,700000
Peugeot,301,2019,336813,Essence,Manuelle,144,Oran,1150000
Hyundai,i10,2021,130991,Diesel,Manuelle,169,Oran,2150000
Chevrolet,Optra,2012,254690,Diesel,Manuelle,142,Constantine,1050000
Renault,Logan,2020,110228,Diesel,Manuelle,96,Annaba,1350000
Kia,Cerato,2011,199692,Diesel,Automatique,169,Tlemcen,1500000
Fiat,Tipo,2015,47534,Essence,Automatique,132,Blida,1000000
Dacia,Logan,2017,80418,GPL,Manuelle,149,Oran,1100000
Chevrolet,Aveo,2007,137079,Essence,Manuelle,128,Alger,950000
Hyundai,i10,2008,208667,Diesel,Manuelle,145,Bejaia,1250000
Kia,Picanto,2014,276221,Essence,Manuelle,177,Oran,1450000
Toyota,Hilux,2007,157499,Diesel,Manuelle,65,Alger,1000000
Volkswagen,Passat,2006,293173,Essence,Automatique,153,Blida,1400000
Dacia,Sandero,2015,290555,Diesel,Manuelle,138,Setif,900000
Volkswagen,Golf,2016,229695,Essence,Automatique,134,Blida,1400000
Kia,Sportage,2009,272770,Essence,Automatique,69,Oran,700000
Renault,Clio,2016,31385,Diesel,Manuelle,126,Annaba,1100000
Renault,Duster,2012,210390,Essence,Manuelle,125,Constantine,1150000
Hyundai,Tucson,2007,151323,Diesel,Manuelle,132,Tlemcen,1250000
Toyota,Land Cruiser,2013,332599,Essence,Manuelle,172,Blida,1550000
Chevrolet,Spark,2015,90708,Essence,Manuelle,148,Bejaia,1050000
Kia,Cerato,2015,157876,Diesel,Automatique,95,Bejaia,900000
Volkswagen,Tiguan,2013,44499,GPL,Manuelle,134,Setif,1450000
Toyota,Yaris,2014,210735,Essence,Manuelle,56,Alger,550000
Renault,Duster,2011,113737,GPL,Manuelle,176,Oran,1550000
Fiat,500,2016,329912,GPL,Manuelle,177,Setif,1200000
Seat,Arona,2013,332025,GPL,Automatique,146,Setif,1200000
Dacia,Duster,2020,278797,Diesel,Manuelle,57,Tlemcen,1050000
Fiat,Palio,2015,216957,Diesel,Manuelle,79,Blida,500000
Volkswagen,Passat,2018,75316,Essence,Automatique,109,Bejaia,1400000
Peugeot,Partner,2022,283226,Essence,Automatique,159,Constantine,1950000
Fiat,500,2007,240612,Essence,Manuelle,61,Annaba,250000
Hyundai,Elantra,2009,293107,Diesel,Manuelle,104,Alger,800000
Seat,Leon,2006,48585,Diesel,Automatique,93,Oran,850000
Fiat,Palio,2016,254474,Diesel,Manuelle,69,Alger,400000
Chevrolet,Spark,2020,214373,Essence,Manuelle,132,Oran,1200000
Hyundai,i20,2017,140720,Essence,Automatique,165,Setif,1400000
Seat,Leon,2011,313037,Diesel,Manuelle,82,Oran,550000
Hyundai,Elantra,2005,157999,Diesel,Manuelle,77,Tlemcen,650000
Fiat,500,2018,343511,Essence,Manuelle,148,Alger,1050000
Toyota,Land Cruiser,2015,218567,Essence,Manuelle,161,Blida,1600000
Hyundai,i10,2021,276991,Diesel,Manuelle,133,Setif,1550000
Toyota,Corolla,2018,348681,Essence,Manuelle,80,Blida,900000
Volkswagen,Polo,2009,164476,Essence,Manuelle,105,Setif,1000000
Toyota,Yaris,2022,137311,Diesel,Manuelle,143,Oran,2850000
Dacia,Duster,2019,11570,Essence,Manuelle,138,Tlemcen,1500000
Toyota,Land Cruiser,2022,310897,Diesel,Manuelle,139,Alger,2950000
Kia,Picanto,2019,115677,Essence,Manuelle,173,Oran,1700000
Peugeot,207,2021,291233,Diesel,Manuelle,130,Constantine,1550000
Toyota,Yaris,2005,346278,Diesel,Manuelle,123,Alger,950000
Peugeot,207,2010,10704,Diesel,Automatique,67,Alger,600000
Seat,Arona,2008,237549,Essence,Manuelle,124,Oran,1050000
Seat,Arona,2023,22772,Diesel,Manuelle,108,Tlemcen,2550000
Renault,Megane,2011,145180,Essence,Manuelle,87,Alger,650000
Volkswagen,Tiguan,2010,330593,Diesel,Manuelle,132,Oran,1350000
Seat,Arona,2012,171703,Diesel,Automatique,147,Oran,1250000
Hyundai,i20,2020,147635,Essence,Manuelle,141,Setif,1800000
Hyundai,Elantra,2015,64182,Essence,Automatique,90,Constantine,850000
Toyota,Yaris,2017,263517,Essence,Manuelle,122,Bejaia,1050000
Volkswagen,Tiguan,2020,119793,Diesel,Manuelle,103,Blida,2250000
Seat,Leon,2015,235662,Diesel,Manuelle,67,Tlemcen,450000
Chevrolet,Aveo,2014,210244,Essence,Automatique,122,Setif,900000
Renault,Megane,2017,93204,Diesel,Automatique,140,Annaba,1150000
Seat,Arona,2014,81153,Essence,Automatique,78,Bejaia,800000
Hyundai,Tucson,2022,110111,Diesel,Manuelle,128,Alger,2450000
Toyota,Corolla,2005,265337,Essence,Manuelle,162,Oran,1350000
Hyundai,i10,2020,73388,Diesel,Manuelle,86,Constantine,1400000
Seat,Leon,2006,22727,Essence,Manuelle,121,Oran,900000
Dacia,Sandero,2021,322898,GPL,Manuelle,73,Annaba,750000
Fiat,Tipo,2011,175604,Essence,Manuelle,151,Annaba,950000
Chevrolet,Aveo,2010,73008,Diesel,Manuelle,114,Oran,850000
Hyundai,Tucson,2010,170575,Diesel,Manuelle,179,Oran,1650000
Kia,Rio,2016,130541,Diesel,Manuelle,84,Annaba,750000
Fiat,Tipo,2009,47828,Diesel,Manuelle,109,Bejaia,750000
Seat,Arona,2020,73619,Essence,Manuelle,138,Constantine,2050000
Dacia,Dokker,2023,315375,Essence,Manuelle,174,Annaba,1950000
Hyundai,Tucson,2010,61273,Diesel,Automatique,171,Bejaia,1850000
Toyota,Corolla,2018,124264,Essence,Manuelle,159,Blida,1650000
Seat,Ibiza,2005,43067,Essence,Automatique,136,Tlemcen,1000000
Kia,Sportage,2019,207043,Diesel,Manuelle,165,Alger,1850000
Peugeot,308,2007,196703,Essence,Manuelle,121,Bejaia,800000
Seat,Arona,2007,273865,Essence,Manuelle,132,Annaba,1050000
Fiat,Punto,2006,341664,Essence,Manuelle,149,Setif,900000
Kia,Rio,2007,171370,Essence,Manuelle,171,Oran,1250000
Peugeot,301,2019,45108,Essence,Automatique,150,Annaba,1550000
Toyota,Corolla,2010,65545,Diesel,Manuelle,169,Blida,1750000
Fiat,Punto,2006,182404,Diesel,Manuelle,141,Constantine,900000
Hyundai,i10,2018,142478,Diesel,Manuelle,58,Annaba,800000
Renault,Duster,2011,204900,Diesel,Manuelle,157,Oran,1300000
Toyota,Hilux,2007,293859,Essence,Manuelle,179,Setif,1850000
Dacia,Logan,2010,209366,Diesel,Manuelle,174,Tlemcen,1300000
Hyundai,i20,2022,118132,GPL,Automatique,99,Bejaia,1750000
Volkswagen,Golf,2015,140870,Essence,Manuelle,171,Oran,1400000
Peugeot,301,2020,230019,Diesel,Automatique,147,Annaba,1800000
Fiat,Punto,2014,58352,Essence,Manuelle,95,Alger,650000
Renault,Symbol,2022,33671,Diesel,Manuelle,129,Tlemcen,2050000
Kia,Cerato,2021,185302,Diesel,Manuelle,99,Constantine,1350000
Renault,Duster,2012,206548,Essence,Manuelle,55,Blida,550000
Volkswagen,Tiguan,2021,152603,Diesel,Manuelle,164,Annaba,2750000
Volkswagen,Passat,2023,69027,Essence,Manuelle,59,Setif,2500000
Chevrolet,Spark,2014,309677,Essence,Manuelle,135,Tlemcen,900000
Chevrolet,Aveo,2013,227146,Essence,Manuelle,132,Alger,900000
Fiat,500,2022,314001,Diesel,Manuelle,158,Oran,1650000
Hyundai,Tucson,2020,14503,Diesel,Manuelle,64,Tlemcen,1700000
Peugeot,206,2012,305858,Diesel,Manuelle,168,Setif,1150000
Toyota,Yaris,2016,332090,Diesel,Manuelle,153,Oran,1550000
Dacia,Duster,2021,42643,Diesel,Manuelle,67,Setif,1500000
Chevrolet,Optra,2012,322677,Diesel,Manuelle,129,Bejaia,850000
Seat,Leon,2017,90457,Essence,Manuelle,106,Constantine,850000
Volkswagen,Passat,2016,62804,Essence,Manuelle,151,Bejaia,1550000
Kia,Sportage,2011,109555,Diesel,Manuelle,165,Bejaia,1600000
Chevrolet,Aveo,2016,96396,Diesel,Manuelle,153,Bejaia,1350000
Peugeot,208,2014,170268,Diesel,Manuelle,81,Oran,600000
Seat,Leon,2014,24033,Diesel,Automatique,132,Setif,1150000
Hyundai,i10,2015,172823,Essence,Manuelle,110,Constantine,950000
Toyota,Hilux,2008,112539,Diesel,Manuelle,80,Blida,1200000
Kia,Cerato,2011,195868,Essence,Manuelle,114,Alger,850000
Renault,Megane,2018,74122,Essence,Manuelle,109,Annaba,1050000
Chevrolet,Optra,2022,199718,Essence,Manuelle,117,Setif,1300000
Chevrolet,Aveo,2016,157889,Diesel,Automatique,118,Constantine,950000
Toyota,Corolla,2021,260158,Essence,Manuelle,167,Constantine,2300000
Seat,Leon,2017,82984,Essence,Manuelle,166,Tlemcen,1150000
Kia,Sportage,2018,121859,Essence,Manuelle,70,Blida,950000
Fiat,Palio,2007,321364,Diesel,Manuelle,172,Blida,1200000
Volkswagen,Golf,2023,88369,Diesel,Manuelle,123,Blida,3000000
Toyota,Yaris,2014,257164,Diesel,Manuelle,157,Tlemcen,1400000
Renault,Clio,2008,47821,Essence,Manuelle,162,Annaba,1250000
Toyota,Land Cruiser,2008,137503,Essence,Manuelle,146,Tlemcen,1500000
Chevrolet,Optra,2020,236390,Essence,Manuelle,98,Alger,1000000
Chevrolet,Captiva,2022,285825,Diesel,Manuelle,104,Alger,1700000
Kia,Sportage,2019,120359,Diesel,Automatique,69,Bejaia,1650000
Fiat,Palio,2016,116487,Diesel,Manuelle,75,Oran,500000
Dacia,Logan,2009,102239,Essence,Manuelle,139,Bejaia,1100000
Seat,Ibiza,2022,165372,Essence,Manuelle,125,Setif,1600000
Renault,Duster,2006,207779,Diesel,Manuelle,140,Alger,1250000
Kia,Rio,2010,336328,Essence,Manuelle,76,Bejaia,450000
Fiat,Palio,2020,101111,Essence,Manuelle,130,Bejaia,1400000
Kia,Cerato,2014,153066,Essence,Automatique,118,Bejaia,950000
Toyota,Corolla,2008,166645,Diesel,Manuelle,158,Blida,1550000
Toyota,Land Cruiser,2018,119586,GPL,Manuelle,82,Oran,1350000
Peugeot,206,2007,179023,Essence,Manuelle,153,Setif,1100000
Dacia,Sandero,2022,108850,Diesel,Automatique,174,Annaba,2250000
Chevrolet,Spark,2013,343083,Essence,Manuelle,63,Tlemcen,250000
Chevrolet,Optra,2014,213139,Essence,Manuelle,163,Constantine,1200000
Chevrolet,Optra,2005,255870,Essence,Automatique,178,Bejaia,1200000
Toyota,Corolla,2010,273050,Diesel,Automatique,100,Tlemcen,1100000
Dacia,Sandero,2017,61481,Essence,Automatique,149,Constantine,1100000
Hyundai,i10,2007,244968,Essence,Automatique,80,Setif,650000
Volkswagen,Golf,2013,100665,Essence,Manuelle,175,Constantine,1700000
Seat,Ibiza,2006,182109,Diesel,Manuelle,144,Bejaia,1100000
Chevrolet,Optra,2005,30556,Essence,Automatique,105,Tlemcen,750000
Seat,Arona,2020,348701,Diesel,Automatique,148,Tlemcen,1750000
Renault,Megane,2020,92969,Essence,Manuelle,82,Tlemcen,1050000
Seat,Ibiza,2012,172670,Essence,Manuelle,58,Oran,350000
Kia,Sportage,2007,315925,Diesel,Manuelle,63,Constantine,550000
Peugeot,208,2005,340098,Essence,Manuelle,152,Bejaia,1000000
Toyota,Yaris,2012,282181,Essence,Automatique,132,Constantine,1200000
Seat,Leon,2010,39518,Essence,Manuelle,164,Constantine,1350000
Volkswagen,Golf,2017,184526,Diesel,Manuelle,178,Tlemcen,1600000
Volkswagen,Passat,2018,260095,Diesel,Manuelle,94,Alger,1000000
Renault,Megane,2018,100028,Essence,Manuelle,148,Alger,1200000
Toyota,Land Cruiser,2012,281993,Diesel,Manuelle,95,Bejaia,1050000
Dacia,Dokker,2021,56631,Essence,Manuelle,118,Setif,1500000
Hyundai,i10,2020,325787,Essence,Manuelle,171,Blida,1750000
Seat,Arona,2021,317023,GPL,Manuelle,141,Tlemcen,1400000
Kia,Cerato,2018,331190,Essence,Manuelle,106,Blida,850000
Hyundai,Elantra,2010,101019,Diesel,Manuelle,109,Tlemcen,900000
Toyota,Corolla,2016,275914,Diesel,Automatique,88,Constantine,1100000
Renault,Clio,2022,162584,Essence,Manuelle,81,Bejaia,1250000
Fiat,Punto,2017,231727,Essence,Manuelle,138,Bejaia,900000
Kia,Picanto,2018,255736,Essence,Manuelle,178,Alger,1450000
Hyundai,i10,2021,22087,Essence,Manuelle,159,Alger,2250000
Renault,Clio,2021,300767,Essence,Automatique,109,Alger,1200000
Volkswagen,Passat,2017,319925,Essence,Manuelle,73,Annaba,650000
Hyundai,i10,2016,208196,Essence,Automatique,157,Annaba,1500000
Chevrolet,Aveo,2018,188965,Essence,Manuelle,101,Annaba,800000
Peugeot,301,2005,261638,Diesel,Manuelle,165,Annaba,1250000
Renault,Clio,2016,160378,Essence,Automatique,117,Blida,1050000
Peugeot,208,2015,260948,Essence,Manuelle,172,Alger,1250000
Volkswagen,Tiguan,2010,327202,Diesel,Manuelle,57,Bejaia,800000
Peugeot,206,2013,164741,Essence,Manuelle,109,Blida,750000
Hyundai,i10,2021,124006,Essence,Automatique,92,Annaba,1550000
Peugeot,301,2007,236496,Essence,Automatique,114,Annaba,900000
Volkswagen,Passat,2016,44758,Diesel,Manuelle,129,Bejaia,1300000
Seat,Leon,2008,133379,Diesel,Manuelle,110,Annaba,800000
Toyota,Yaris,2005,229448,GPL,Manuelle,128,Annaba,1050000
Volkswagen,Passat,2019,248166,Diesel,Manuelle,167,Setif,2000000
Chevrolet,Optra,2020,96575,GPL,Manuelle,58,Alger,650000
Hyundai,i20,2007,125906,Essence,Manuelle,100,Setif,900000
Fiat,500,2022,120598,Essence,Manuelle,176,Blida,1800000
Hyundai,Elantra,2010,166475,GPL,Manuelle,83,Blida,600000
Toyota,Yaris,2017,172647,Essence,Manuelle,91,Alger,900000
Peugeot,308,2023,145641,Essence,Manuelle,167,Blida,2300000
Hyundai,Tucson,2015,124619,Essence,Manuelle,78,Blida,850000
Peugeot,208,2008,199994,Diesel,Manuelle,136,Bejaia,1000000
Chevrolet,Optra,2023,82988,Diesel,Manuelle,59,Alger,1600000
Kia,Sportage,2006,293565,Essence,Automatique,75,Setif,800000
Hyundai,i10,2013,71093,Essence,Automatique,169,Constantine,1500000
Toyota,Land Cruiser,2010,345662,Essence,Manuelle,87,Setif,1000000
Seat,Arona,2022,41304,Diesel,Automatique,136,Annaba,2800000
Toyota,Hilux,2017,189482,Essence,Manuelle,170,Blida,1700000
Renault,Clio,2012,347162,Essence,Manuelle,123,Blida,900000
Dacia,Dokker,2022,163175,Diesel,Manuelle,121,Setif,1600000
Hyundai,Tucson,2016,148016,Essence,Manuelle,111,Setif,1150000
Volkswagen,Polo,2012,89761,Diesel,Manuelle,61,Constantine,750000
Seat,Ibiza,2005,261910,Essence,Manuelle,59,Annaba,350000
Renault,Megane,2007,343113,Essence,Manuelle,88,Setif,500000
Toyota,Corolla,2010,286954,Essence,Manuelle,131,Blida,1150000
Volkswagen,Passat,2010,27031,Diesel,Manuelle,88,Oran,900000
Kia,Cerato,2006,116041,Diesel,Manuelle,85,Annaba,800000
Volkswagen,Tiguan,2018,320261,Essence,Manuelle,157,Blida,1800000
Renault,Clio,2017,127258,Essence,Manuelle,140,Tlemcen,1150000
Dacia,Dokker,2014,216977,Diesel,Manuelle,74,Bejaia,500000
Peugeot,301,2018,112507,Essence,Manuelle,84,Tlemcen,700000
Dacia,Dokker,2022,341907,Essence,Manuelle,136,Bejaia,1450000
Seat,Ibiza,2019,59238,Essence,Automatique,72,Bejaia,950000
Renault,Symbol,2012,158512,Essence,Automatique,118,Blida,1000000
Seat,Ibiza,2015,37402,Diesel,Automatique,122,Annaba,1100000
Volkswagen,Golf,2023,138296,Essence,Automatique,105,Blida,2600000
Dacia,Logan,2005,97122,Diesel,Manuelle,101,Tlemcen,700000
Hyundai,i10,2016,116022,GPL,Manuelle,138,Constantine,1200000
Hyundai,i20,2021,284652,Essence,Manuelle,95,Constantine,1250000
Peugeot,Partner,2007,272499,Essence,Automatique,67,Oran,450000
Toyota,Hilux,2006,348567,Essence,Automatique,108,Bejaia,1200000
Toyota,Yaris,2017,219764,Essence,Manuelle,61,Annaba,650000
Kia,Cerato,2016,284067,Diesel,Manuelle,154,Blida,1250000
Volkswagen,Golf,2021,271357,Diesel,Manuelle,101,Blida,1700000
Hyundai,i20,2006,179037,Diesel,Automatique,89,Alger,850000
Kia,Picanto,2016,172093,Essence,Manuelle,79,Annaba,650000
Fiat,Palio,2005,286755,Essence,Manuelle,146,Oran,1000000
Kia,Picanto,2014,76354,Essence,Manuelle,91,Setif,750000
Hyundai,i10,2005,60350,Essence,Manuelle,66,Bejaia,600000
Hyundai,Tucson,2017,320014,Diesel,Manuelle,86,Constantine,850000
Dacia,Sandero,2012,278452,Essence,Manuelle,121,Blida,750000
Peugeot,207,2017,38870,Essence,Manuelle,58,Oran,500000
Dacia,Sandero,2022,262354,GPL,Manuelle,159,Alger,1500000
Dacia,Logan,2014,225460,Essence,Automatique,126,Bejaia,1000000
Renault,Clio,2019,28091,Essence,Manuelle,111,Tlemcen,1150000
Peugeot,207,2021,283385,Essence,Manuelle,129,Bejaia,1250000
Peugeot,Partner,2006,314262,Essence,Automatique,100,Blida,700000
Kia,Rio,2022,298577,Essence,Manuelle,57,Setif,1150000
Chevrolet,Spark,2017,229490,Diesel,Manuelle,129,Blida,900000
Kia,Picanto,2020,280011,GPL,Automatique,118,Constantine,1450000
Seat,Arona,2009,330905,Diesel,Manuelle,172,Oran,1500000
Toyota,Land Cruiser,2023,292516,Diesel,Automatique,161,Constantine,4150000
Peugeot,207,2012,221204,Diesel,Manuelle,154,Tlemcen,1100000
Dacia,Sandero,2022,92893,Diesel,Manuelle,91,Oran,1550000
Fiat,500,2015,160604,Essence,Manuelle,120,Tlemcen,800000
Kia,Picanto,2007,333876,Essence,Manuelle,174,Tlemcen,1400000
Volkswagen,Golf,2011,90744,Diesel,Manuelle,148,Constantine,1300000
Dacia,Duster,2018,320665,GPL,Manuelle,107,Constantine,900000
Renault,Symbol,2005,282561,Diesel,Automatique,141,Oran,1150000
Seat,Ibiza,2009,39681,GPL,Manuelle,174,Blida,1200000
Toyota,Yaris,2015,51002,Essence,Manuelle,169,Constantine,1500000
Dacia,Duster,2011,109601,Diesel,Manuelle,58,Tlemcen,550000
Peugeot,301,2017,287844,Essence,Manuelle,166,Tlemcen,1050000
Seat,Arona,2008,330497,GPL,Manuelle,121,Tlemcen,900000
Chevrolet,Captiva,2008,67433,Diesel,Manuelle,58,Constantine,550000
Renault,Duster,2017,259205,Essence,Manuelle,179,Alger,1350000
Kia,Picanto,2014,224526,Essence,Manuelle,138,Constantine,1150000
Kia,Sportage,2008,213859,Essence,Manuelle,90,Tlemcen,850000
Dacia,Logan,2022,197029,Essence,Manuelle,81,Constantine,1100000
Kia,Cerato,2011,131479,Diesel,Manuelle,75,Bejaia,650000
Dacia,Duster,2014,183207,Essence,Automatique,63,Alger,650000
Fiat,Palio,2021,224571,Diesel,Manuelle,155,Setif,1600000
Seat,Arona,2008,38872,GPL,Automatique,158,Tlemcen,1450000
Kia,Picanto,2019,70942,Essence,Automatique,111,Alger,1300000
Seat,Ibiza,2013,26644,Essence,Manuelle,171,Constantine,1200000
Renault,Megane,2020,267318,Essence,Manuelle,135,Constantine,1400000
Toyota,Land Cruiser,2008,338713,Essence,Automatique,89,Bejaia,1100000
Renault,Symbol,2008,93791,Diesel,Automatique,175,Alger,1600000
Volkswagen,Golf,2005,306338,Essence,Manuelle,166,Bejaia,1400000
Volkswagen,Tiguan,2020,9986,Diesel,Automatique,149,Annaba,3250000
Peugeot,Partner,2023,222400,Diesel,Manuelle,110,Tlemcen,1950000
Dacia,Duster,2023,313433,Essence,Manuelle,151,Alger,2100000
Hyundai,Elantra,2009,233634,Essence,Automatique,59,Alger,550000
Hyundai,i20,2005,250809,Essence,Manuelle,123,Constantine,850000
Dacia,Dokker,2005,51220,Diesel,Manuelle,141,Setif,1150000
Kia,Picanto,2022,56913,Diesel,Manuelle,116,Blida,2200000
Peugeot,Partner,2009,330019,Essence,Manuelle,144,Annaba,950000
Renault,Megane,2011,64778,Essence,Manuelle,134,Oran,1000000
Fiat,Palio,2015,102718,Essence,Manuelle,156,Annaba,1050000
Kia,Cerato,2016,66842,Diesel,Manuelle,84,Blida,800000
Volkswagen,Polo,2019,268450,Diesel,Manuelle,102,Setif,1300000
Toyota,Hilux,2006,34084,Essence,Manuelle,143,Oran,1700000
Kia,Sportage,2020,268957,Diesel,Manuelle,163,Annaba,2200000
Toyota,Hilux,2021,258091,GPL,Manuelle,127,Blida,2200000
Kia,Cerato,2010,87289,Diesel,Manuelle,170,Constantine,1300000
Seat,Arona,2019,336356,Essence,Manuelle,73,Bejaia,800000
Seat,Ibiza,2014,271161,Diesel,Manuelle,167,Blida,1300000
Toyota,Hilux,2005,224128,Essence,Manuelle,88,Bejaia,1000000
Peugeot,208,2005,91346,Diesel,Manuelle,173,Oran,1500000
Volkswagen,Tiguan,2017,118143,Essence,Manuelle,119,Tlemcen,1400000
Chevrolet,Captiva,2018,87409,Essence,Manuelle,161,Alger,1500000
Renault,Duster,2013,148927,Diesel,Manuelle,112,Constantine,1100000
Kia,Rio,2012,179499,Essence,Manuelle,133,Annaba,1000000
Kia,Cerato,2015,274496,Essence,Manuelle,61,Blida,400000
Chevrolet,Spark,2019,143368,Diesel,Manuelle,168,Alger,1450000
Kia,Picanto,2020,292644,Essence,Manuelle,75,Oran,1050000
Toyota,Hilux,2007,255819,Essence,Manuelle,114,Constantine,1250000
Dacia,Sandero,2017,247998,Essence,Automatique,59,Annaba,350000
Renault,Symbol,2011,28408,Essence,Manuelle,169,Blida,1350000
Kia,Picanto,2009,266545,Diesel,Manuelle,134,Constantine,1000000
Kia,Picanto,2019,268844,Essence,Manuelle,170,Tlemcen,1600000
Renault,Duster,2006,128364,Diesel,Manuelle,76,Setif,700000
Renault,Logan,2014,308602,Essence,Manuelle,178,Constantine,1200000
Seat,Leon,2015,266798,Essence,Manuelle,73,Setif,400000
Chevrolet,Spark,2015,275472,Essence,Manuelle,73,Constantine,400000
Fiat,Punto,2022,166121,Essence,Automatique,88,Blida,1250000
Renault,Duster,2011,89607,GPL,Manuelle,67,Blida,650000
Volkswagen,Passat,2021,116718,Essence,Manuelle,71,Constantine,1350000
Volkswagen,Passat,2015,146727,Diesel,Automatique,108,Annaba,1150000
Chevrolet,Aveo,2020,294192,Essence,Manuelle,159,Tlemcen,1400000
Volkswagen,Passat,2006,123696,Diesel,Manuelle,107,Setif,1000000
Chevrolet,Optra,2023,308297,Essence,Automatique,130,Tlemcen,1800000
Toyota,Hilux,2021,42548,Essence,Manuelle,172,Tlemcen,3000000
Fiat,Punto,2007,84698,Essence,Manuelle,94,Constantine,650000
Toyota,Hilux,2015,114162,Diesel,Manuelle,56,Setif,1050000
Seat,Arona,2006,180607,Essence,Manuelle,62,Alger,550000
Hyundai,Tucson,2017,106158,Diesel,Manuelle,153,Blida,1450000
Dacia,Dokker,2013,171782,Diesel,Manuelle,71,Bejaia,500000
Volkswagen,Golf,2008,202097,Diesel,Manuelle,96,Annaba,900000
Kia,Cerato,2012,21999,Essence,Manuelle,113,Oran,950000
Fiat,Tipo,2015,237654,Diesel,Manuelle,104,Annaba,650000
Dacia,Logan,2021,117701,Diesel,Manuelle,92,Constantine,1250000
Renault,Duster,2018,202530,Diesel,Manuelle,157,Blida,1700000
Toyota,Land Cruiser,2010,30939,Diesel,Manuelle,87,Annaba,1250000
Hyundai,Elantra,2010,347908,Diesel,Manuelle,59,Annaba,350000
Peugeot,Partner,2018,248386,Essence,Manuelle,125,Bejaia,1050000
Peugeot,207,2012,186429,Diesel,Automatique,81,Annaba,700000
Fiat,500,2017,28386,Essence,Manuelle,179,Blida,1200000
Toyota,Hilux,2023,30525,Diesel,Manuelle,102,Blida,4000000
Kia,Sportage,2018,332350,Diesel,Manuelle,153,Constantine,1550000
Hyundai,i10,2014,81312,Essence,Manuelle,73,Constantine,650000
Seat,Arona,2015,272885,Essence,Manuelle,117,Constantine,900000
Hyundai,Tucson,2022,57691,GPL,Manuelle,86,Constantine,2200000
Dacia,Logan,2022,339711,GPL,Manuelle,59,Tlemcen,750000
Seat,Ibiza,2014,5917,Essence,Manuelle,58,Alger,400000
Kia,Rio,2022,159542,Essence,Automatique,104,Annaba,1900000
Renault,Logan,2015,91795,Essence,Manuelle,92,Constantine,700000
Fiat,Palio,2017,24404,Diesel,Automatique,120,Annaba,850000
Chevrolet,Spark,2012,19995,Essence,Manuelle,84,Alger,600000
Toyota,Hilux,2020,30517,Diesel,Manuelle,99,Constantine,2800000
Hyundai,Elantra,2013,200490,Essence,Manuelle,135,Tlemcen,1100000
Seat,Arona,2018,322715,Essence,Manuelle,66,Alger,650000
Fiat,Palio,2023,122305,Essence,Manuelle,156,Bejaia,1850000
Toyota,Hilux,2009,238346,GPL,Manuelle,126,Bejaia,1150000
Dacia,Dokker,2015,292623,Essence,Manuelle,64,Tlemcen,300000
Toyota,Yaris,2017,283495,GPL,Manuelle,58,Tlemcen,500000
Kia,Sportage,2006,225534,Diesel,Manuelle,116,Blida,1100000
Fiat,Tipo,2018,195359,Diesel,Manuelle,116,Tlemcen,850000
Dacia,Duster,2014,257084,Essence,Manuelle,67,Alger,500000
Volkswagen,Tiguan,2012,78616,Diesel,Manuelle,117,Tlemcen,1550000
Renault,Clio,2012,36379,Essence,Manuelle,131,Bejaia,1050000
Kia,Sportage,2011,298624,Diesel,Manuelle,109,Tlemcen,1000000
Seat,Leon,2012,39700,Diesel,Automatique,60,Constantine,550000
Fiat,Palio,2008,93059,Diesel,Manuelle,86,Constantine,550000
Kia,Cerato,2007,186890,Essence,Automatique,76,Bejaia,700000
Chevrolet,Captiva,2012,330437,Essence,Manuelle,153,Oran,1100000
Renault,Logan,2009,324165,GPL,Manuelle,85,Setif,500000
Toyota,Hilux,2008,189844,Diesel,Manuelle,103,Annaba,1250000
Renault,Megane,2005,74504,Essence,Manuelle,112,Bejaia,950000
Dacia,Logan,2012,96911,Diesel,Automatique,67,Tlemcen,500000
Seat,Ibiza,2020,87806,Essence,Manuelle,71,Setif,1050000
Peugeot,308,2018,169957,Essence,Manuelle,148,Blida,1150000
Renault,Logan,2019,299067,Essence,Manuelle,141,Bejaia,1150000
Renault,Clio,2013,301629,GPL,Automatique,129,Oran,850000
Renault,Duster,2018,214912,Diesel,Manuelle,116,Annaba,1250000
Chevrolet,Optra,2023,164882,Diesel,Manuelle,151,Bejaia,2150000
Hyundai,i10,2012,295198,Diesel,Manuelle,156,Blida,1300000
Volkswagen,Polo,2012,222314,Essence,Manuelle,75,Constantine,650000
Chevrolet,Captiva,2011,15234,Diesel,Manuelle,156,Annaba,1450000
Dacia,Sandero,2023,233931,Essence,Automatique,90,Oran,1650000
Fiat,Tipo,2021,303088,Essence,Manuelle,137,Oran,1200000
Chevrolet,Spark,2005,6961,Essence,Automatique,117,Annaba,850000
Peugeot,301,2010,180595,Essence,Manuelle,110,Annaba,750000
Dacia,Logan,2017,259488,Diesel,Manuelle,78,Setif,450000
Seat,Leon,2012,49041,Essence,Manuelle,121,Oran,1000000
Renault,Logan,2016,311868,Essence,Manuelle,141,Tlemcen,1050000
Dacia,Dokker,2020,72766,Essence,Manuelle,120,Setif,1450000
Hyundai,i10,2021,82525,Essence,Manuelle,170,Setif,2200000
Fiat,Palio,2018,59195,Diesel,Manuelle,142,Alger,1150000
Kia,Picanto,2015,61683,Diesel,Manuelle,72,Blida,700000
Kia,Cerato,2007,146449,Essence,Manuelle,173,Constantine,1450000
Hyundai,i20,2017,248767,Essence,Manuelle,123,Alger,1000000
Peugeot,206,2012,7866,Diesel,Manuelle,130,Tlemcen,1000000
Chevrolet,Captiva,2013,177646,GPL,Manuelle,165,Oran,1150000
Toyota,Yaris,2016,120584,Essence,Manuelle,165,Alger,1600000
Fiat,Palio,2014,288028,Diesel,Manuelle,153,Blida,1100000
Renault,Clio,2017,83672,Essence,Automatique,89,Setif,700000
Chevrolet,Aveo,2019,70333,Diesel,Automatique,85,Blida,950000
Kia,Picanto,2021,340064,Diesel,Automatique,144,Annaba,1650000
Peugeot,207,2008,241304,Diesel,Automatique,61,Bejaia,450000
Volkswagen,Passat,2015,153459,Diesel,Manuelle,74,Annaba,800000
Fiat,Tipo,2016,314143,Diesel,Manuelle,161,Oran,1050000
Toyota,Yaris,2010,184001,Essence,Manuelle,133,Tlemcen,1150000
Chevrolet,Captiva,2020,140899,Diesel,Manuelle,144,Annaba,1850000
Peugeot,208,2012,205462,Diesel,Automatique,99,Oran,850000
Chevrolet,Spark,2023,169841,Essence,Manuelle,84,Oran,1400000
Peugeot,308,2011,224707,Essence,Automatique,77,Blida,500000
Chevrolet,Optra,2018,306675,Essence,Automatique,86,Oran,700000
Chevrolet,Optra,2013,194651,Essence,Automatique,117,Constantine,900000
Renault,Megane,2008,48856,Diesel,Manuelle,140,Bejaia,1200000
Kia,Picanto,2020,259730,Essence,Automatique,63,Annaba,950000
Renault,Symbol,2021,216194,GPL,Manuelle,137,Blida,1350000
Toyota,Land Cruiser,2006,168052,Diesel,Manuelle,128,Setif,1600000
Fiat,Palio,2013,104352,Diesel,Manuelle,152,Oran,1050000
Hyundai,i10,2017,163598,Essence,Manuelle,118,Oran,1050000
Fiat,Palio,2015,191098,Essence,Manuelle,144,Bejaia,850000
Fiat,Tipo,2017,232203,GPL,Manuelle,113,Constantine,700000
Chevrolet,Captiva,2019,279349,Essence,Manuelle,67,Setif,750000
Renault,Megane,2012,316385,Essence,Manuelle,147,Tlemcen,1100000
Dacia,Dokker,2018,120657,Diesel,Automatique,179,Blida,1700000
Toyota,Hilux,2018,125243,Essence,Manuelle,118,Blida,1800000
Toyota,Yaris,2010,9926,Essence,Manuelle,70,Oran,750000
Toyota,Corolla,2017,39578,Diesel,Manuelle,116,Setif,1200000
Kia,Cerato,2019,202539,Essence,Manuelle,92,Setif,1100000
Seat,Ibiza,2008,8121,Essence,Manuelle,129,Blida,900000
Toyota,Yaris,2016,232105,Essence,Manuelle,149,Tlemcen,1350000
Fiat,Palio,2007,212288,Essence,Manuelle,149,Blida,1050000
Toyota,Corolla,2006,103064,Essence,Manuelle,93,Blida,950000
Chevrolet,Aveo,2015,169726,Essence,Manuelle,165,Oran,1100000
Renault,Clio,2015,88291,Essence,Manuelle,107,Oran,850000
Fiat,Tipo,2008,260083,Essence,Manuelle,104,Constantine,700000
Volkswagen,Tiguan,2007,220834,Diesel,Manuelle,70,Oran,950000
Toyota,Corolla,2014,300209,Essence,Manuelle,159,Setif,1250000
Hyundai,i20,2020,235636,Diesel,Automatique,161,Constantine,2100000
Peugeot,207,2006,272687,Essence,Manuelle,64,Bejaia,400000
Toyota,Hilux,2006,33992,Diesel,Manuelle,172,Constantine,2050000
Seat,Leon,2006,12452,Diesel,Manuelle,138,Blida,1000000
Hyundai,i20,2018,147157,Diesel,Manuelle,88,Bejaia,1050000
Kia,Cerato,2010,84267,Diesel,Automatique,115,Annaba,1100000
Renault,Duster,2008,12697,Diesel,Manuelle,163,Constantine,1450000
Hyundai,Tucson,2012,338261,Essence,Manuelle,66,Bejaia,650000
Dacia,Logan,2011,221621,Essence,Manuelle,95,Setif,650000
Peugeot,308,2017,218363,Diesel,Manuelle,132,Tlemcen,1050000
Hyundai,Elantra,2007,128664,Diesel,Manuelle,116,Tlemcen,1050000
Toyota,Hilux,2009,249936,Diesel,Automatique,149,Setif,1750000
Hyundai,Tucson,2012,292360,Essence,Manuelle,129,Tlemcen,1250000
Chevrolet,Captiva,2020,317877,Essence,Manuelle,107,Tlemcen,1200000
Peugeot,308,2010,74639,Essence,Manuelle,57,Annaba,400000
Toyota,Yaris,2013,84526,Diesel,Manuelle,156,Constantine,1550000
Seat,Leon,2019,179004,Diesel,Manuelle,126,Annaba,1250000
Fiat,Tipo,2023,61396,Essence,Manuelle,137,Bejaia,1800000
Dacia,Logan,2015,343585,Essence,Automatique,152,Constantine,1000000
Kia,Rio,2010,6466,Essence,Automatique,61,Constantine,700000
Toyota,Yaris,2016,340513,Diesel,Manuelle,105,Blida,1050000
Hyundai,Tucson,2020,210400,Diesel,Manuelle,170,Setif,2450000
Renault,Symbol,2015,131299,GPL,Manuelle,77,Oran,500000
Seat,Leon,2023,274152,Essence,Manuelle,84,Annaba,1600000
Toyota,Yaris,2017,150486,Essence,Automatique,156,Oran,1550000
Hyundai,Tucson,2010,266439,Diesel,Automatique,76,Alger,950000
Seat,Leon,2014,88384,Diesel,Manuelle,156,Constantine,1150000
Renault,Megane,2006,6539,Diesel,Manuelle,144,Annaba,1200000
Peugeot,206,2007,102799,Essence,Automatique,104,Annaba,750000
Seat,Leon,2020,16618,Essence,Manuelle,58,Blida,850000
Fiat,Tipo,2011,217456,Diesel,Manuelle,129,Oran,900000
Toyota,Corolla,2011,109700,Essence,Automatique,141,Oran,1350000
Kia,Cerato,2012,213535,Essence,Manuelle,149,Setif,1250000
Seat,Leon,2005,162195,GPL,Manuelle,63,Setif,300000
Dacia,Sandero,2005,160918,Diesel,Manuelle,98,Setif,650000
Dacia,Duster,2022,162419,Diesel,Automatique,162,Constantine,2400000
Toyota,Hilux,2022,294987,Essence,Automatique,76,Oran,2600000
Kia,Rio,2020,338478,Diesel,Manuelle,173,Alger,1800000
Kia,Cerato,2009,101452,Diesel,Manuelle,128,Constantine,1100000
Dacia,Sandero,2019,76042,Essence,Manuelle,133,Constantine,1200000
Kia,Picanto,2023,90058,Essence,Automatique,138,Tlemcen,2700000
Hyundai,Elantra,2017,296975,Diesel,Manuelle,166,Alger,1300000
Hyundai,i10,2011,320617,Essence,Manuelle,155,Annaba,1050000
Chevrolet,Spark,2021,172896,GPL,Automatique,114,Oran,1300000
Seat,Ibiza,2015,230413,Diesel,Automatique,72,Setif,500000
Peugeot,208,2023,100386,Diesel,Manuelle,150,Annaba,2500000
Toyota,Corolla,2006,203639,GPL,Manuelle,134,Bejaia,1100000
Hyundai,i10,2022,128246,Essence,Manuelle,99,Oran,1650000
Peugeot,206,2015,26650,GPL,Manuelle,164,Setif,1300000
Chevrolet,Aveo,2005,26042,Diesel,Manuelle,110,Setif,800000
Dacia,Dokker,2005,149923,Diesel,Automatique,103,Blida,850000
Peugeot,208,2012,24023,Diesel,Manuelle,178,Setif,1300000
Volkswagen,Tiguan,2017,328117,Essence,Manuelle,140,Blida,1300000
Hyundai,i10,2013,277448,Essence,Manuelle,141,Constantine,1100000
Peugeot,206,2011,26398,Essence,Manuelle,142,Constantine,1200000
Volkswagen,Polo,2011,268217,Essence,Manuelle,145,Alger,1250000
Seat,Arona,2012,7159,Essence,Manuelle,74,Blida,800000
Renault,Megane,2013,56137,Essence,Manuelle,60,Constantine,450000
Kia,Rio,2017,270025,GPL,Manuelle,153,Alger,1000000
Peugeot,206,2017,317354,Diesel,Manuelle,99,Alger,700000
Peugeot,206,2020,96873,Diesel,Automatique,79,Bejaia,1250000
Seat,Ibiza,2014,304488,Essence,Manuelle,109,Oran,650000
Kia,Picanto,2010,281319,Diesel,Manuelle,85,Oran,650000
Seat,Leon,2013,297878,Essence,Automatique,163,Alger,1150000
Renault,Logan,2009,101502,Diesel,Automatique,165,Oran,1500000
Toyota,Corolla,2017,282833,Essence,Manuelle,121,Bejaia,1000000
Seat,Leon,2015,305642,Diesel,Manuelle,90,Bejaia,550000
Hyundai,i20,2013,37966,Essence,Manuelle,77,Tlemcen,750000
Dacia,Sandero,2018,201569,Diesel,Manuelle,143,Tlemcen,1300000
Dacia,Sandero,2017,339977,GPL,Manuelle,146,Oran,950000
Volkswagen,Polo,2007,168402,Diesel,Manuelle,137,Setif,1250000
Volkswagen,Polo,2019,24773,Diesel,Automatique,122,Tlemcen,2050000
Dacia,Duster,2018,323384,Diesel,Manuelle,84,Constantine,850000
Kia,Cerato,2023,25039,Essence,Manuelle,137,Oran,2600000
Dacia,Duster,2014,15785,Essence,Automatique,72,Tlemcen,850000
Seat,Arona,2021,200245,Diesel,Manuelle,169,Setif,2050000
Volkswagen,Passat,2010,59460,Essence,Automatique,75,Setif,900000
Chevrolet,Captiva,2020,234087,Diesel,Automatique,163,Alger,2050000
Chevrolet,Spark,2008,197898,Essence,Manuelle,81,Alger,500000
Kia,Sportage,2016,335838,Essence,Automatique,171,Alger,1500000
Toyota,Yaris,2013,59970,Diesel,Manuelle,59,Bejaia,800000
Toyota,Hilux,2007,176277,Diesel,Manuelle,85,Tlemcen,1250000
Chevrolet,Spark,2022,276409,Essence,Manuelle,133,Setif,1400000
Peugeot,301,2012,58634,Diesel,Automatique,152,Bejaia,1400000
Toyota,Yaris,2017,309128,Essence,Manuelle,132,Alger,1050000
Peugeot,Partner,2011,141668,Essence,Manuelle,79,Setif,500000
Kia,Rio,2021,264021,Diesel,Manuelle,138,Blida,1650000
Kia,Sportage,2009,275095,Diesel,Manuelle,97,Alger,850000
Dacia,Logan,2008,251356,Diesel,Manuelle,135,Tlemcen,1000000
Hyundai,Tucson,2020,315066,Essence,Manuelle,123,Oran,1600000
Seat,Arona,2008,176349,Diesel,Manuelle,109,Blida,900000
Renault,Symbol,2011,132870,Essence,Manuelle,58,Blida,400000
Renault,Megane,2014,38896,Diesel,Automatique,116,Bejaia,1000000
Peugeot,207,2021,149401,Essence,Manuelle,97,Tlemcen,1300000
Renault,Symbol,2023,239337,Essence,Automatique,174,Oran,2750000
Chevrolet,Optra,2005,124875,GPL,Automatique,161,Blida,1200000
Seat,Arona,2019,170707,GPL,Manuelle,124,Bejaia,1450000
Kia,Cerato,2005,332920,Essence,Manuelle,125,Constantine,850000
Seat,Arona,2007,158885,Essence,Automatique,83,Constantine,750000
Peugeot,206,2020,163097,Essence,Manuelle,68,Tlemcen,850000
Chevrolet,Optra,2007,86463,Essence,Manuelle,152,Constantine,1150000
Renault,Megane,2010,11464,GPL,Manuelle,107,Bejaia,750000
Kia,Cerato,2020,348003,Diesel,Automatique,97,Alger,1350000
Dacia,Duster,2016,24782,Essence,Automatique,163,Annaba,1750000
Dacia,Dokker,2023,37769,Essence,Manuelle,155,Annaba,2450000
Seat,Ibiza,2019,212348,Essence,Automatique,60,Blida,650000
Dacia,Logan,2017,238294,GPL,Manuelle,133,Annaba,800000
Seat,Ibiza,2006,215809,Essence,Automatique,173,Bejaia,1350000
Fiat,500,2019,118218,Essence,Manuelle,95,Alger,950000
Volkswagen,Polo,2022,8114,Essence,Manuelle,68,Annaba,2000000
Dacia,Logan,2011,140393,Diesel,Manuelle,114,Alger,800000
Volkswagen,Passat,2019,281274,Diesel,Manuelle,95,Bejaia,1200000
Renault,Logan,2022,222726,Essence,Automatique,69,Alger,1350000
Kia,Cerato,2005,77394,Essence,Manuelle,97,Blida,800000
Chevrolet,Spark,2018,20479,Essence,Manuelle,111,Oran,950000
Chevrolet,Aveo,2008,151768,Essence,Manuelle,148,Bejaia,1100000
Hyundai,i10,2022,345662,Essence,Manuelle,71,Oran,1250000
Toyota,Yaris,2017,346073,Essence,Automatique,83,Tlemcen,700000
Toyota,Land Cruiser,2019,158706,Essence,Manuelle,81,Tlemcen,1600000
Dacia,Duster,2018,17379,Diesel,Automatique,57,Oran,1050000
Volkswagen,Golf,2016,314835,Diesel,Manuelle,161,Alger,1550000
Volkswagen,Tiguan,2008,324348,Diesel,Manuelle,154,Bejaia,1350000
Kia,Rio,2005,20896,Essence,Manuelle,112,Bejaia,1000000
Kia,Cerato,2020,47317,Essence,Manuelle,125,Alger,1750000
Toyota,Hilux,2007,164484,Essence,Manuelle,162,Setif,1650000
Fiat,Tipo,2005,20116,Diesel,Manuelle,162,Oran,1200000
Toyota,Land Cruiser,2006,224222,Essence,Manuelle,102,Annaba,1200000
Toyota,Hilux,2018,141066,Essence,Manuelle,154,Setif,2050000
Peugeot,301,2018,269140,Diesel,Manuelle,66,Annaba,600000
Hyundai,Elantra,2012,206798,Diesel,Manuelle,138,Constantine,1200000
Hyundai,Tucson,2011,62786,Diesel,Manuelle,57,Oran,850000
Hyundai,i10,2013,303254,Essence,Manuelle,80,Blida,600000
Seat,Arona,2010,111311,Diesel,Manuelle,173,Setif,1450000
Fiat,Tipo,2010,5363,Essence,Manuelle,64,Oran,350000
Volkswagen,Polo,2023,259822,Diesel,Manuelle,160,Blida,2950000
Toyota,Corolla,2009,335763,Diesel,Manuelle,62,Blida,600000
Seat,Arona,2016,175824,Essence,Manuelle,178,Blida,1650000
Hyundai,Tucson,2020,28331,Essence,Manuelle,68,Bejaia,1700000
Hyundai,i20,2016,342201,Essence,Automatique,141,Tlemcen,1150000
Fiat,Palio,2010,275012,Essence,Manuelle,173,Setif,1050000
Renault,Logan,2022,145183,Essence,Manuelle,75,Bejaia,1200000
Seat,Leon,2011,194216,Essence,Manuelle,111,Annaba,800000
Fiat,500,2014,127989,Diesel,Manuelle,160,Oran,1150000
Dacia,Logan,2012,252677,Essence,Manuelle,125,Bejaia,900000
Peugeot,207,2019,318572,Essence,Manuelle,168,Blida,1450000
Chevrolet,Spark,2016,152764,Essence,Manuelle,65,Oran,500000
Toyota,Yaris,2019,238996,Diesel,Manuelle,73,Oran,1200000
Volkswagen,Polo,2020,204488,Essence,Manuelle,175,Bejaia,2000000
Hyundai,i20,2017,30938,Essence,Automatique,177,Oran,1600000
Peugeot,208,2016,271907,Essence,Automatique,130,Oran,950000
Dacia,Logan,2016,76695,Essence,Manuelle,127,Bejaia,950000
Hyundai,Elantra,2014,288816,Essence,Manuelle,160,Bejaia,1300000
Chevrolet,Spark,2007,275590,Diesel,Manuelle,124,Alger,800000
Fiat,Punto,2009,123422,Essence,Manuelle,163,Alger,1250000
Chevrolet,Aveo,2020,300901,Diesel,Manuelle,134,Tlemcen,1150000
Seat,Leon,2009,226439,Diesel,Manuelle,66,Blida,450000
Kia,Cerato,2007,128076,GPL,Manuelle,157,Oran,1200000
Fiat,Palio,2015,309169,Essence,Manuelle,125,Bejaia,800000
Hyundai,Tucson,2023,109824,Essence,Manuelle,147,Constantine,3150000
Fiat,Tipo,2008,282342,Diesel,Manuelle,79,Tlemcen,450000
Toyota,Yaris,2007,120260,Diesel,Manuelle,117,Alger,1150000
Seat,Leon,2008,250160,Essence,Manuelle,82,Oran,550000
Toyota,Yaris,2006,286321,Essence,Manuelle,71,Bejaia,700000
Chevrolet,Captiva,2018,288817,Diesel,Manuelle,116,Setif,1150000
Toyota,Yaris,2013,285790,Essence,Manuelle,173,Setif,1300000
Chevrolet,Spark,2023,107326,Diesel,Manuelle,134,Alger,2200000
Toyota,Land Cruiser,2016,139563,Diesel,Manuelle,168,Alger,2300000
Renault,Megane,2008,279270,Diesel,Manuelle,172,Blida,1150000
Dacia,Dokker,2020,185388,Essence,Manuelle,91,Blida,1050000
Peugeot,Partner,2008,38635,Diesel,Automatique,98,Tlemcen,800000
Hyundai,Tucson,2006,44236,Essence,Manuelle,95,Blida,950000
Fiat,Palio,2014,334061,Essence,Manuelle,75,Bejaia,350000
Renault,Duster,2021,268312,Diesel,Manuelle,149,Annaba,2050000
Kia,Sportage,2023,237931,Diesel,Manuelle,174,Alger,3300000
Renault,Megane,2016,213137,Essence,Automatique,125,Oran,1050000
Chevrolet,Optra,2010,38461,Diesel,Manuelle,75,Oran,500000
Seat,Ibiza,2023,268551,Diesel,Manuelle,96,Blida,1600000
Chevrolet,Captiva,2017,254836,Essence,Manuelle,163,Oran,1200000
Dacia,Dokker,2010,174330,Essence,Manuelle,127,Alger,900000
Volkswagen,Passat,2011,308806,Diesel,Automatique,127,Alger,1050000
Peugeot,Partner,2008,182170,Diesel,Automatique,171,Setif,1400000
Renault,Megane,2012,188683,GPL,Automatique,130,Annaba,1000000
Seat,Arona,2018,56012,Essence,Automatique,66,Oran,950000
Chevrolet,Captiva,2007,155862,Essence,Manuelle,82,Bejaia,650000
Volkswagen,Polo,2023,186323,Diesel,Manuelle,163,Alger,2950000
Dacia,Dokker,2022,310007,GPL,Manuelle,72,Constantine,800000
Peugeot,301,2012,203110,Diesel,Manuelle,72,Annaba,500000
Seat,Arona,2013,143439,GPL,Automatique,59,Setif,500000
Toyota,Hilux,2016,220757,Diesel,Manuelle,74,Blida,1100000
Toyota,Hilux,2005,272614,Essence,Manuelle,104,Oran,1100000
Dacia,Logan,2006,50641,Essence,Manuelle,71,Annaba,500000
Seat,Arona,2023,110723,Essence,Manuelle,88,Setif,2250000
Fiat,500,2006,302515,Diesel,Automatique,155,Oran,1050000
Volkswagen,Polo,2014,16826,Essence,Manuelle,102,Alger,1050000
Chevrolet,Optra,2008,241774,Diesel,Manuelle,137,Blida,1000000
Seat,Arona,2017,165020,Essence,Automatique,113,Constantine,1100000
Seat,Ibiza,2012,235063,Essence,Manuelle,162,Alger,1200000
Toyota,Corolla,2018,104468,Essence,Manuelle,158,Alger,1550000
Seat,Leon,2017,17467,Essence,Manuelle,177,Oran,1350000
Dacia,Duster,2007,229699,Essence,Manuelle,138,Tlemcen,1200000
Seat,Ibiza,2017,274579,Essence,Manuelle,111,Bejaia,700000
Volkswagen,Passat,2009,211717,Diesel,Manuelle,160,Annaba,1400000
Chevrolet,Captiva,2015,217204,Essence,Manuelle,95,Tlemcen,750000
Seat,Leon,2022,19799,Essence,Manuelle,71,Blida,1400000
Dacia,Duster,2018,186413,Diesel,Manuelle,143,Tlemcen,1450000
Chevrolet,Aveo,2021,198587,Essence,Automatique,59,Tlemcen,900000
Kia,Picanto,2009,340325,Essence,Manuelle,133,Oran,950000
Peugeot,206,2020,284349,Diesel,Manuelle,56,Setif,800000
Hyundai,Elantra,2011,266420,Diesel,Manuelle,148,Oran,1200000
Fiat,Tipo,2011,182577,Diesel,Manuelle,123,Tlemcen,900000
Hyundai,Elantra,2020,333030,Diesel,Automatique,108,Blida,1350000
Dacia,Dokker,2007,149375,Essence,Automatique,151,Setif,1200000
Renault,Duster,2011,323174,Essence,Manuelle,90,Constantine,750000
Renault,Logan,2007,179750,Essence,Manuelle,97,Setif,700000
Volkswagen,Polo,2022,132101,Diesel,Manuelle,123,Alger,2300000
Kia,Picanto,2014,106489,Essence,Manuelle,103,Tlemcen,900000
Renault,Logan,2014,295180,Essence,Manuelle,163,Oran,1200000
Fiat,Tipo,2009,35461,Diesel,Manuelle,70,Blida,450000
Chevrolet,Spark,2015,283676,Diesel,Manuelle,144,Oran,1000000
Kia,Rio,2015,9551,Essence,Manuelle,118,Setif,950000
Volkswagen,Polo,2012,180405,Essence,Manuelle,166,Alger,1300000
Fiat,Palio,2020,196349,Essence,Automatique,95,Bejaia,950000
Kia,Cerato,2020,75309,Essence,Automatique,175,Alger,2050000
Chevrolet,Aveo,2023,121528,Diesel,Manuelle,141,Blida,2200000
Dacia,Logan,2008,54434,Diesel,Manuelle,127,Blida,1000000
Dacia,Logan,2014,87867,Essence,Manuelle,60,Blida,400000
Hyundai,i20,2022,269395,Diesel,Manuelle,78,Bejaia,1400000
Renault,Clio,2005,232444,Essence,Manuelle,165,Constantine,1250000
Chevrolet,Optra,2016,176929,Essence,Manuelle,128,Constantine,1050000
Toyota,Land Cruiser,2012,39831,Diesel,Manuelle,133,Bejaia,1700000
Peugeot,208,2005,291542,Essence,Automatique,123,Constantine,850000
Peugeot,207,2011,46256,Essence,Manuelle,113,Tlemcen,950000
Dacia,Sandero,2005,152631,Diesel,Automatique,125,Bejaia,1050000
Peugeot,308,2008,187047,Diesel,Manuelle,110,Constantine,800000
Kia,Cerato,2020,335322,Diesel,Manuelle,76,Bejaia,1050000
Toyota,Yaris,2008,113835,Essence,Manuelle,134,Alger,1250000
Peugeot,308,2008,236807,Essence,Manuelle,83,Setif,500000
Renault,Megane,2023,207701,Essence,Manuelle,102,Setif,1800000
Renault,Logan,2011,347962,Diesel,Manuelle,137,Constantine,1050000
Toyota,Land Cruiser,2011,94846,Essence,Manuelle,176,Oran,1850000
Renault,Duster,2017,324849,Diesel,Manuelle,154,Oran,1200000
Seat,Ibiza,2022,157472,Essence,Manuelle,83,Tlemcen,1200000
Peugeot,207,2021,28723,Diesel,Automatique,57,Constantine,1400000
Fiat,Tipo,2010,293172,Diesel,Automatique,74,Oran,400000
Seat,Leon,2017,151115,Essence,Manuelle,106,Blida,700000
Peugeot,301,2009,20733,GPL,Manuelle,160,Bejaia,1250000
Volkswagen,Polo,2022,167434,Essence,Manuelle,63,Oran,1600000
Volkswagen,Polo,2008,104864,Diesel,Automatique,89,Tlemcen,900000
Peugeot,308,2013,77255,Diesel,Automatique,150,Oran,1200000
Hyundai,i20,2014,252113,Diesel,Manuelle,143,Oran,1150000
Dacia,Duster,2010,45502,Essence,Manuelle,111,Setif,1050000
Kia,Sportage,2021,48723,Essence,Manuelle,157,Oran,2400000
Hyundai,Tucson,2012,305589,Diesel,Manuelle,148,Oran,1300000
Chevrolet,Optra,2019,129232,Essence,Manuelle,73,Blida,700000
Chevrolet,Captiva,2012,176999,Diesel,Manuelle,104,Oran,900000
Seat,Ibiza,2023,214124,Diesel,Manuelle,77,Tlemcen,1600000
Chevrolet,Aveo,2014,171862,Diesel,Manuelle,77,Alger,500000
Peugeot,308,2020,246356,GPL,Manuelle,119,Alger,1200000
Renault,Symbol,2010,70641,Diesel,Manuelle,126,Annaba,950000
Dacia,Logan,2010,260949,Essence,Automatique,93,Annaba,650000
Kia,Sportage,2020,100335,Essence,Manuelle,159,Oran,2400000
Seat,Arona,2006,312980,GPL,Automatique,89,Setif,650000
Fiat,Tipo,2010,20791,Diesel,Manuelle,136,Tlemcen,950000
Hyundai,Elantra,2015,37888,Diesel,Manuelle,145,Annaba,1300000
Peugeot,301,2017,16560,Essence,Manuelle,102,Bejaia,800000
Toyota,Hilux,2018,267172,Essence,Manuelle,114,Tlemcen,1450000
Fiat,Punto,2023,30345,Essence,Automatique,85,Constantine,1700000
Volkswagen,Polo,2018,344711,Diesel,Manuelle,121,Setif,1150000
Seat,Leon,2005,304290,GPL,Manuelle,98,Annaba,500000
Renault,Logan,2012,171393,GPL,Automatique,130,Oran,900000
Kia,Sportage,2009,141260,Essence,Manuelle,142,Tlemcen,1350000
Hyundai,Elantra,2015,303983,Diesel,Automatique,157,Blida,1350000
Hyundai,Tucson,2017,290950,Diesel,Manuelle,79,Oran,850000
Fiat,Palio,2013,92362,Diesel,Manuelle,67,Constantine,450000
Seat,Ibiza,2023,240851,Diesel,Manuelle,157,Blida,2000000
Kia,Sportage,2009,8543,Diesel,Automatique,142,Oran,1650000
Peugeot,301,2016,93780,Diesel,Automatique,100,Bejaia,900000
Chevrolet,Spark,2019,117113,Essence,Manuelle,114,Constantine,1150000
Toyota,Yaris,2009,164912,Diesel,Automatique,72,Tlemcen,850000
Hyundai,Tucson,2020,175457,Diesel,Manuelle,68,Tlemcen,1600000
Seat,Ibiza,2021,250014,Essence,Automatique,68,Blida,950000
Volkswagen,Golf,2011,108863,Essence,Manuelle,164,Alger,1550000
Peugeot,206,2005,84888,Diesel,Automatique,174,Blida,1450000
Seat,Leon,2014,273116,Essence,Manuelle,115,Blida,750000
Renault,Logan,2020,334127,Essence,Manuelle,75,Oran,800000
Renault,Clio,2010,9055,Essence,Manuelle,63,Annaba,550000
Kia,Sportage,2010,345070,Essence,Manuelle,124,Blida,1100000
Fiat,Punto,2018,41021,Essence,Automatique,85,Bejaia,700000
Fiat,Tipo,2021,185109,Essence,Manuelle,166,Bejaia,1700000
Kia,Sportage,2022,123637,Essence,Manuelle,178,Constantine,3050000
Toyota,Corolla,2014,98650,Essence,Manuelle,161,Tlemcen,1600000
Renault,Megane,2023,87315,Diesel,Manuelle,91,Tlemcen,2200000
Fiat,Tipo,2006,320475,Essence,Manuelle,104,Setif,600000
Fiat,500,2015,40739,Essence,Manuelle,83,Constantine,550000
Dacia,Logan,2022,25365,Essence,Manuelle,153,Constantine,1950000
Volkswagen,Golf,2011,182229,Essence,Manuelle,79,Blida,750000
Volkswagen,Tiguan,2016,329401,Diesel,Automatique,146,Setif,1700000
Seat,Arona,2007,82924,Diesel,Manuelle,126,Constantine,1100000
Renault,Logan,2006,268685,Essence,Manuelle,154,Annaba,1050000
Peugeot,308,2021,154725,GPL,Manuelle,135,Bejaia,1500000
Volkswagen,Tiguan,2010,193644,Essence,Manuelle,94,Tlemcen,950000
Kia,Rio,2005,136627,Essence,Automatique,158,Annaba,1200000
Hyundai,i20,2015,293883,GPL,Manuelle,136,Setif,950000
Chevrolet,Spark,2014,122996,Diesel,Manuelle,154,Blida,1050000
Peugeot,Partner,2012,297926,Essence,Manuelle,152,Tlemcen,1100000
Dacia,Logan,2011,145749,Essence,Automatique,160,Oran,1200000
Seat,Arona,2010,235596,Diesel,Manuelle,160,Oran,1400000
Chevrolet,Captiva,2011,259870,Diesel,Manuelle,160,Constantine,1300000
Volkswagen,Polo,2013,173751,Essence,Manuelle,132,Annaba,1150000
Dacia,Duster,2019,325847,Essence,Manuelle,122,Constantine,1100000
Hyundai,Elantra,2019,117333,Essence,Manuelle,84,Setif,1000000
Seat,Leon,2015,321847,Essence,Automatique,161,Constantine,1100000
Peugeot,206,2019,324233,Essence,Automatique,162,Tlemcen,1550000
Kia,Cerato,2005,230902,Diesel,Manuelle,163,Constantine,1300000
Renault,Logan,2005,72359,Diesel,Manuelle,111,Oran,900000
Chevrolet,Captiva,2007,334457,GPL,Manuelle,138,Oran,1050000
Dacia,Logan,2006,63645,Diesel,Manuelle,161,Constantine,1300000
Kia,Cerato,2009,137903,Essence,Manuelle,71,Alger,550000
Toyota,Corolla,2020,212580,Essence,Automatique,147,Blida,2200000
Hyundai,i10,2014,303757,Diesel,Manuelle,119,Annaba,900000
Chevrolet,Optra,2013,267512,Essence,Manuelle,64,Alger,300000
Seat,Arona,2008,172462,Essence,Manuelle,110,Bejaia,900000
Kia,Cerato,2016,118655,Essence,Manuelle,156,Constantine,1450000
Toyota,Land Cruiser,2011,301412,GPL,Manuelle,147,Bejaia,1250000
Dacia,Dokker,2011,32197,GPL,Manuelle,159,Oran,1250000
Dacia,Duster,2008,122399,Diesel,Manuelle,85,Blida,750000
Chevrolet,Captiva,2005,16539,Diesel,Manuelle,77,Bejaia,750000
Seat,Ibiza,2017,72300,GPL,Automatique,59,Blida,400000
Seat,Arona,2007,90990,Diesel,Manuelle,116,Blida,1000000
Dacia,Logan,2012,171490,Diesel,Manuelle,130,Bejaia,950000
Chevrolet,Captiva,2014,291076,Diesel,Automatique,147,Oran,1300000
Renault,Logan,2012,58413,Essence,Manuelle,154,Oran,1150000
Dacia,Sandero,2019,263632,Essence,Automatique,150,Alger,1450000
Kia,Rio,2016,295218,Essence,Manuelle,174,Setif,1300000
Hyundai,i20,2020,18703,Diesel,Manuelle,170,Setif,2300000
Fiat,Tipo,2016,300493,Diesel,Manuelle,63,Oran,350000
Kia,Rio,2012,266498,Diesel,Manuelle,91,Oran,750000
Kia,Cerato,2005,17062,Essence,Manuelle,168,Tlemcen,1300000
Kia,Rio,2018,93887,Essence,Manuelle,57,Constantine,600000
Peugeot,206,2016,287751,Diesel,Automatique,64,Constantine,600000
Peugeot,308,2016,183394,Essence,Automatique,154,Tlemcen,1350000
Fiat,500,2010,284365,GPL,Manuelle,88,Annaba,450000
Chevrolet,Spark,2016,184412,Diesel,Manuelle,107,Constantine,800000
Kia,Cerato,2012,315511,GPL,Manuelle,93,Bejaia,600000
Fiat,500,2018,220862,Essence,Automatique,91,Annaba,700000
Seat,Arona,2014,329816,GPL,Manuelle,125,Oran,950000
Seat,Arona,2008,204899,Diesel,Automatique,160,Blida,1300000
Renault,Megane,2006,47438,Essence,Automatique,116,Blida,1050000
Dacia,Duster,2015,162217,Essence,Manuelle,120,Blida,950000
Hyundai,i10,2016,172442,Essence,Manuelle,155,Oran,1300000
Chevrolet,Optra,2011,205658,Diesel,Automatique,157,Oran,1200000
Fiat,Palio,2021,189484,Essence,Manuelle,127,Alger,1300000
Renault,Logan,2010,122265,Diesel,Manuelle,119,Blida,950000
Renault,Megane,2007,89433,Essence,Manuelle,71,Tlemcen,500000
Toyota,Yaris,2021,169437,Diesel,Manuelle,140,Blida,2050000
Kia,Cerato,2017,333345,Diesel,Manuelle,68,Bejaia,500000
Hyundai,i20,2020,184949,Diesel,Manuelle,146,Bejaia,1850000
Seat,Arona,2005,12233,Diesel,Manuelle,136,Setif,1250000
Renault,Duster,2017,214272,Essence,Manuelle,165,Constantine,1500000
Volkswagen,Tiguan,2018,310163,Essence,Automatique,71,Bejaia,1150000
Seat,Arona,2015,214097,Essence,Automatique,154,Bejaia,1400000
Dacia,Duster,2017,179469,Essence,Manuelle,79,Blida,650000
Chevrolet,Captiva,2020,59213,Essence,Manuelle,114,Setif,1500000
Kia,Sportage,2016,40825,Diesel,Manuelle,106,Tlemcen,1400000
Peugeot,206,2013,31751,Diesel,Manuelle,64,Annaba,550000
Volkswagen,Passat,2010,186303,Essence,Manuelle,170,Annaba,1550000
Seat,Leon,2022,125902,Essence,Manuelle,159,Bejaia,1850000
Toyota,Corolla,2015,52013,Essence,Manuelle,119,Oran,1150000
Volkswagen,Polo,2008,101651,Diesel,Manuelle,84,Setif,850000
Toyota,Yaris,2015,95135,Diesel,Manuelle,134,Bejaia,1350000
Kia,Rio,2006,185645,Diesel,Manuelle,105,Constantine,800000
Hyundai,i10,2011,134065,Essence,Manuelle,170,Oran,1450000
Fiat,Palio,2014,170279,Diesel,Manuelle,179,Oran,1250000
Renault,Megane,2013,151965,Essence,Automatique,127,Annaba,1000000
Toyota,Land Cruiser,2012,21940,Essence,Manuelle,76,Oran,1250000
Dacia,Sandero,2010,151479,Essence,Manuelle,123,Bejaia,900000
Hyundai,Elantra,2023,31613,Essence,Manuelle,144,Setif,2650000
Renault,Symbol,2019,168347,Essence,Manuelle,128,Bejaia,1200000
Hyundai,Tucson,2017,213472,Essence,Automatique,142,Oran,1300000
Fiat,500,2013,61866,Diesel,Manuelle,119,Oran,900000
Volkswagen,Golf,2009,215536,Essence,Manuelle,141,Tlemcen,1100000
Seat,Arona,2013,295693,Diesel,Automatique,114,Blida,950000
Volkswagen,Tiguan,2010,209580,Essence,Automatique,147,Oran,1750000
Toyota,Yaris,2019,80271,Essence,Manuelle,82,Annaba,1450000
Kia,Cerato,2020,71354,Essence,Manuelle,83,Tlemcen,1400000
Fiat,500,2022,328860,Essence,Manuelle,115,Annaba,1250000
Seat,Leon,2018,325032,Diesel,Automatique,108,Annaba,900000
Renault,Duster,2020,128662,Essence,Automatique,166,Blida,2100000
Renault,Symbol,2017,303634,Diesel,Manuelle,115,Constantine,850000
Renault,Clio,2014,216463,Essence,Manuelle,123,Setif,800000
Renault,Logan,2020,77833,Essence,Manuelle,108,Oran,1450000
Seat,Leon,2016,262481,GPL,Manuelle,76,Setif,450000
Peugeot,207,2020,295507,GPL,Manuelle,104,Blida,1000000
Chevrolet,Optra,2018,182476,Essence,Manuelle,177,Constantine,1300000
Toyota,Land Cruiser,2022,348864,Diesel,Manuelle,84,Alger,2200000
Fiat,500,2008,274756,Diesel,Manuelle,144,Tlemcen,1050000
Renault,Logan,2023,301773,Essence,Manuelle,84,Alger,1650000
Dacia,Logan,2023,330145,Essence,Manuelle,101,Blida,1400000
Peugeot,206,2017,94506,Essence,Manuelle,86,Setif,600000
Seat,Leon,2010,286695,Essence,Manuelle,91,Alger,500000
Fiat,500,2008,146154,Diesel,Manuelle,68,Setif,400000
Renault,Logan,2006,243922,Essence,Automatique,72,Annaba,500000
Peugeot,206,2012,115777,Essence,Manuelle,117,Blida,800000
Chevrolet,Captiva,2007,258890,Diesel,Manuelle,154,Alger,1300000
Seat,Leon,2016,307756,Essence,Automatique,107,Tlemcen,800000
Toyota,Land Cruiser,2008,295458,Essence,Manuelle,148,Annaba,1550000
Hyundai,Tucson,2008,33876,Diesel,Manuelle,127,Blida,1450000
Fiat,Palio,2014,66260,Essence,Manuelle,142,Constantine,1000000
Fiat,Tipo,2006,107153,Diesel,Manuelle,127,Alger,900000
Toyota,Hilux,2005,146463,Essence,Manuelle,177,Tlemcen,1650000
Peugeot,206,2015,75658,Essence,Automatique,132,Bejaia,1050000
Renault,Logan,2021,323709,Essence,Automatique,69,Oran,950000
Dacia,Logan,2005,302789,Essence,Manuelle,160,Setif,1100000
Chevrolet,Aveo,2016,55762,Essence,Manuelle,106,Setif,750000
Volkswagen,Polo,2005,37583,Essence,Manuelle,111,Tlemcen,1150000
Seat,Leon,2020,25460,GPL,Manuelle,76,Constantine,900000
Toyota,Corolla,2019,196848,Essence,Manuelle,157,Tlemcen,1750000
Seat,Arona,2015,301560,Essence,Manuelle,174,Blida,1300000
Hyundai,Elantra,2016,297772,Essence,Automatique,93,Oran,800000
Dacia,Duster,2020,76688,Diesel,Manuelle,118,Annaba,1700000
Toyota,Yaris,2022,262416,Diesel,Manuelle,133,Constantine,2400000
Toyota,Yaris,2008,92794,Diesel,Manuelle,74,Setif,900000
Peugeot,Partner,2016,215494,Diesel,Automatique,79,Constantine,750000
Peugeot,Partner,2007,130555,Diesel,Automatique,135,Alger,1100000
Hyundai,i10,2013,266602,Essence,Manuelle,148,Oran,1200000
Peugeot,Partner,2018,332936,Essence,Manuelle,133,Oran,1000000
Chevrolet,Captiva,2019,164815,Essence,Manuelle,153,Tlemcen,1550000
Dacia,Dokker,2018,70908,Essence,Manuelle,117,Bejaia,1100000
Fiat,Punto,2011,168030,Essence,Manuelle,67,Annaba,350000
Volkswagen,Tiguan,2017,277983,Essence,Manuelle,64,Alger,800000
Seat,Ibiza,2021,346342,Essence,Manuelle,147,Oran,1450000
Dacia,Sandero,2010,49135,Essence,Automatique,173,Oran,1300000
Dacia,Logan,2013,74103,GPL,Manuelle,91,Tlemcen,550000
Hyundai,Tucson,2009,16319,Essence,Manuelle,157,Oran,1650000
Dacia,Duster,2017,197828,Essence,Automatique,105,Oran,850000
Renault,Clio,2022,237298,Diesel,Automatique,126,Setif,1850000
Dacia,Dokker,2014,151154,Diesel,Manuelle,125,Alger,850000
Volkswagen,Passat,2005,68295,Diesel,Manuelle,175,Constantine,1650000
Kia,Rio,2017,70888,Essence,Manuelle,82,Tlemcen,650000
Peugeot,Partner,2023,62450,Essence,Manuelle,127,Blida,2300000
Kia,Rio,2022,300515,Essence,Manuelle,150,Constantine,1850000
Kia,Rio,2017,325562,Essence,Manuelle,137,Bejaia,1000000
Chevrolet,Optra,2016,298219,Essence,Manuelle,98,Blida,700000
Toyota,Corolla,2007,172022,Essence,Manuelle,124,Oran,1250000
Seat,Leon,2005,92228,Diesel,Automatique,122,Alger,950000
Chevrolet,Optra,2022,250074,Essence,Manuelle,64,Setif,850000
Seat,Arona,2009,349950,Essence,Manuelle,106,Oran,850000
Peugeot,206,2020,349359,Diesel,Automatique,81,Constantine,950000
Renault,Megane,2011,104290,Essence,Automatique,67,Constantine,550000
Fiat,Palio,2013,21105,Essence,Automatique,72,Constantine,450000
Dacia,Dokker,2014,239824,Diesel,Manuelle,175,Constantine,1350000
Fiat,Punto,2019,55893,Diesel,Manuelle,168,Bejaia,1500000
Kia,Rio,2011,266401,Essence,Manuelle,175,Alger,1400000
Kia,Sportage,2014,209986,Diesel,Manuelle,165,Oran,1600000
Seat,Arona,2015,140797,Essence,Manuelle,85,Setif,700000
Peugeot,301,2018,67894,Diesel,Manuelle,86,Oran,800000
Fiat,Tipo,2014,42361,Diesel,Manuelle,67,Alger,500000
Renault,Clio,2017,102243,Diesel,Manuelle,84,Alger,700000
Chevrolet,Aveo,2019,74687,Diesel,Manuelle,60,Alger,650000
Renault,Symbol,2014,180746,Essence,Manuelle,83,Oran,600000
Chevrolet,Aveo,2018,206123,Essence,Manuelle,114,Annaba,850000
Seat,Leon,2008,218968,Essence,Automatique,69,Alger,450000
Dacia,Dokker,2010,210591,GPL,Manuelle,148,Oran,1000000
Chevrolet,Aveo,2016,133381,Essence,Manuelle,148,Constantine,1050000
Fiat,Punto,2016,28341,Diesel,Manuelle,177,Blida,1300000
Hyundai,i20,2020,294754,Essence,Automatique,129,Bejaia,1550000
Kia,Rio,2021,17780,Essence,Manuelle,156,Setif,2100000
Volkswagen,Passat,2009,36533,Essence,Manuelle,134,Blida,1200000
Toyota,Hilux,2021,193057,Essence,Automatique,174,Annaba,3050000
Toyota,Hilux,2009,144152,Diesel,Manuelle,63,Blida,1000000
Peugeot,207,2016,43314,Essence,Manuelle,135,Tlemcen,1100000
Toyota,Yaris,2023,171866,Essence,Manuelle,136,Blida,2950000
Peugeot,207,2015,215462,Essence,Automatique,87,Setif,650000
Hyundai,Elantra,2020,103066,Essence,Manuelle,161,Alger,1850000
Renault,Megane,2009,79723,Essence,Manuelle,142,Tlemcen,1000000
Dacia,Logan,2008,148670,Essence,Manuelle,137,Blida,1000000
Toyota,Hilux,2021,38545,Diesel,Manuelle,122,Oran,3050000
Toyota,Hilux,2008,214486,Essence,Manuelle,101,Oran,1200000
Peugeot,206,2007,244423,Essence,Manuelle,162,Alger,1250000
Hyundai,Elantra,2005,83947,Essence,Manuelle,58,Alger,500000
Renault,Logan,2013,175646,Essence,Automatique,149,Blida,1250000
Fiat,500,2010,9695,Essence,Manuelle,173,Annaba,1400000
Toyota,Yaris,2023,45077,Diesel,Manuelle,156,Alger,3850000
Volkswagen,Polo,2011,162088,Essence,Manuelle,85,Bejaia,700000
Renault,Duster,2014,128351,Essence,Automatique,57,Constantine,650000
Peugeot,206,2023,100852,Essence,Manuelle,151,Bejaia,2550000
Volkswagen,Golf,2011,324957,Diesel,Manuelle,114,Oran,900000
Hyundai,Elantra,2005,67576,Essence,Manuelle,106,Annaba,950000
Renault,Clio,2009,144045,Diesel,Automatique,58,Tlemcen,500000
Fiat,Punto,2005,93263,Diesel,Automatique,173,Bejaia,1200000
Dacia,Logan,2014,328595,Diesel,Automatique,178,Constantine,1350000
Fiat,500,2020,262777,Essence,Manuelle,151,Oran,1350000
Peugeot,308,2023,321309,Essence,Automatique,139,Tlemcen,1900000
Chevrolet,Optra,2009,27024,Essence,Automatique,73,Setif,550000
Seat,Leon,2010,107488,Essence,Automatique,57,Tlemcen,450000
Fiat,Tipo,2008,52367,Essence,Manuelle,175,Alger,1300000
Toyota,Corolla,2018,156328,Essence,Manuelle,65,Bejaia,1000000
Seat,Leon,2006,278363,Diesel,Manuelle,134,Bejaia,900000
Toyota,Hilux,2015,78551,Diesel,Manuelle,73,Blida,1200000
Seat,Ibiza,2021,17076,Essence,Manuelle,177,Alger,1800000
Kia,Picanto,2009,259394,Diesel,Automatique,119,Constantine,1050000
Chevrolet,Captiva,2009,47678,Diesel,Manuelle,171,Tlemcen,1600000
Peugeot,308,2011,165527,Diesel,Automatique,95,Tlemcen,800000
Hyundai,Elantra,2020,265440,Diesel,Manuelle,70,Annaba,1100000
Renault,Duster,2017,312015,Diesel,Manuelle,57,Constantine,500000
Kia,Rio,2016,261392,Essence,Automatique,93,Constantine,850000
Renault,Symbol,2018,334794,Diesel,Automatique,157,Setif,1250000
Dacia,Duster,2014,318816,GPL,Manuelle,109,Bejaia,700000
Kia,Cerato,2021,197214,Essence,Manuelle,106,Oran,1500000
Peugeot,308,2015,269012,Diesel,Automatique,66,Annaba,450000
Seat,Arona,2011,24159,Diesel,Manuelle,84,Alger,900000
Volkswagen,Tiguan,2006,15532,Essence,Manuelle,163,Tlemcen,1900000
Peugeot,301,2014,210214,Essence,Manuelle,55,Tlemcen,350000
Volkswagen,Passat,2008,154666,Diesel,Manuelle,84,Tlemcen,800000
Renault,Megane,2010,317768,Diesel,Manuelle,149,Constantine,1150000
Renault,Clio,2015,9722,Diesel,Automatique,151,Annaba,1400000
Hyundai,i10,2018,291298,Diesel,Manuelle,157,Annaba,1350000
Kia,Cerato,2023,286608,Essence,Manuelle,114,Setif,1900000
Hyundai,Elantra,2010,290913,Essence,Manuelle,105,Oran,750000
Renault,Duster,2006,314799,Essence,Manuelle,135,Tlemcen,1050000
Chevrolet,Optra,2008,250191,Essence,Manuelle,149,Setif,1000000
Fiat,500,2023,6095,Essence,Manuelle,155,Bejaia,2250000
Chevrolet,Captiva,2022,285488,Essence,Manuelle,115,Oran,1750000
Toyota,Yaris,2016,36368,Diesel,Automatique,92,Alger,1350000
Kia,Picanto,2022,121049,Essence,Manuelle,126,Blida,1850000
Seat,Arona,2021,13625,Essence,Manuelle,111,Blida,1900000
Kia,Picanto,2005,164236,Essence,Manuelle,137,Blida,1150000
Volkswagen,Golf,2017,107537,Essence,Manuelle,79,Annaba,700000
Chevrolet,Captiva,2018,272926,Essence,Automatique,179,Blida,1650000
Volkswagen,Golf,2005,238731,Diesel,Automatique,159,Constantine,1350000
Kia,Sportage,2016,241502,Essence,Manuelle,78,Blida,950000
Hyundai,i10,2022,185378,Essence,Manuelle,167,Constantine,2000000
Renault,Clio,2009,330499,Diesel,Manuelle,161,Constantine,1200000
Peugeot,206,2006,250318,Diesel,Manuelle,148,Annaba,1200000
Seat,Ibiza,2020,132135,Essence,Automatique,172,Setif,1850000
Renault,Logan,2009,212167,Essence,Automatique,116,Constantine,900000
Volkswagen,Passat,2006,271167,Diesel,Manuelle,105,Setif,900000
Dacia,Sandero,2008,331824,Essence,Manuelle,69,Annaba,350000
Hyundai,i20,2014,6391,Essence,Manuelle,161,Constantine,1350000
Fiat,Punto,2016,233024,Essence,Automatique,128,Oran,900000
Seat,Arona,2022,56690,Diesel,Manuelle,71,Oran,2000000
Peugeot,301,2008,336146,Essence,Manuelle,153,Tlemcen,1050000
Volkswagen,Tiguan,2019,179698,GPL,Manuelle,116,Bejaia,1800000
Dacia,Duster,2017,60797,Essence,Automatique,156,Alger,1400000
Hyundai,Tucson,2007,341178,Diesel,Manuelle,98,Alger,1000000
Chevrolet,Spark,2019,53591,Diesel,Manuelle,121,Tlemcen,1100000
Renault,Clio,2013,181540,Essence,Manuelle,147,Annaba,1000000
Dacia,Dokker,2023,103384,Essence,Automatique,81,Blida,1900000
Renault,Megane,2018,150763,Diesel,Manuelle,174,Tlemcen,1450000
Dacia,Duster,2017,244644,GPL,Automatique,78,Tlemcen,600000
Kia,Picanto,2013,267640,Diesel,Automatique,98,Setif,850000
Volkswagen,Golf,2006,73259,Essence,Manuelle,165,Bejaia,1550000
Kia,Sportage,2020,163145,Diesel,Automatique,97,Oran,2100000
Toyota,Yaris,2011,337611,Diesel,Manuelle,109,Blida,1000000
Fiat,500,2009,165477,Diesel,Manuelle,177,Oran,1300000
Renault,Clio,2013,102780,Essence,Manuelle,108,Tlemcen,850000
Volkswagen,Passat,2012,163239,Essence,Automatique,117,Blida,1100000
Kia,Cerato,2013,143709,Diesel,Manuelle,104,Alger,950000
Volkswagen,Tiguan,2023,32843,Essence,Manuelle,79,Setif,3350000
Renault,Symbol,2020,148635,Essence,Manuelle,81,Oran,1150000
Toyota,Yaris,2017,81515,Essence,Manuelle,173,Bejaia,1600000
Kia,Rio,2016,212892,Essence,Manuelle,86,Annaba,750000
Seat,Arona,2018,289833,Diesel,Manuelle,126,Tlemcen,1300000
Peugeot,208,2014,316032,Essence,Automatique,164,Constantine,1150000
Kia,Rio,2016,100494,GPL,Manuelle,168,Oran,1450000
Renault,Duster,2019,116198,Essence,Automatique,177,Setif,2000000
Seat,Ibiza,2016,86214,Diesel,Manuelle,124,Bejaia,1000000
Seat,Leon,2011,266910,Essence,Manuelle,101,Constantine,700000
Chevrolet,Aveo,2006,205122,Essence,Automatique,138,Oran,950000
Peugeot,206,2006,140486,Diesel,Manuelle,152,Annaba,1200000
Fiat,Punto,2021,245904,Diesel,Automatique,90,Bejaia,1100000
Dacia,Duster,2010,193489,Essence,Manuelle,131,Bejaia,1000000
Kia,Rio,2015,212836,Diesel,Manuelle,114,Setif,850000
Toyota,Hilux,2016,252181,Essence,Automatique,82,Tlemcen,1400000
Seat,Leon,2008,7881,Diesel,Manuelle,176,Bejaia,1500000
Fiat,Punto,2018,152733,Essence,Manuelle,127,Annaba,1050000
Kia,Picanto,2020,307353,GPL,Manuelle,93,Alger,900000
Fiat,Punto,2008,182505,Diesel,Manuelle,59,Setif,300000
Kia,Picanto,2008,19588,GPL,Manuelle,64,Bejaia,450000
Fiat,Punto,2023,324753,Essence,Automatique,176,Setif,1950000
Chevrolet,Captiva,2019,243680,Essence,Manuelle,58,Bejaia,800000
Chevrolet,Captiva,2007,247721,Essence,Manuelle,70,Constantine,550000
Peugeot,206,2021,284773,Essence,Manuelle,73,Setif,900000
Renault,Megane,2022,173217,Essence,Manuelle,178,Alger,2000000
Chevrolet,Aveo,2023,185564,Essence,Automatique,118,Alger,1700000
Hyundai,i20,2016,131534,Essence,Manuelle,178,Oran,1400000
Kia,Picanto,2022,209580,Essence,Manuelle,172,Bejaia,2250000
Chevrolet,Spark,2015,26381,Essence,Automatique,91,Blida,700000
Fiat,Palio,2021,285064,Essence,Manuelle,64,Bejaia,650000
Chevrolet,Spark,2009,230692,Diesel,Manuelle,138,Oran,950000
Fiat,500,2016,185116,Diesel,Automatique,108,Oran,800000
Volkswagen,Passat,2005,209249,Diesel,Manuelle,177,Tlemcen,1550000
Kia,Cerato,2019,192223,Essence,Automatique,147,Bejaia,1450000
Hyundai,Elantra,2009,305477,Diesel,Manuelle,135,Oran,1100000
Chevrolet,Optra,2017,67781,Essence,Manuelle,91,Blida,650000
Volkswagen,Tiguan,2022,69377,Diesel,Manuelle,80,Bejaia,2650000
Chevrolet,Captiva,2012,126399,Essence,Manuelle,66,Bejaia,500000
Volkswagen,Passat,2014,66606,Diesel,Manuelle,159,Tlemcen,1350000
Fiat,Palio,2015,287566,Essence,Automatique,154,Bejaia,1000000
Chevrolet,Captiva,2021,73232,Diesel,Manuelle,142,Alger,1800000
Volkswagen,Passat,2010,120313,Diesel,Manuelle,115,Oran,1150000
Hyundai,i20,2022,160223,Essence,Manuelle,66,Oran,1450000
Chevrolet,Optra,2006,34873,Diesel,Automatique,63,Setif,550000
Hyundai,Tucson,2005,176813,GPL,Manuelle,169,Constantine,1500000
Peugeot,207,2017,107201,Diesel,Manuelle,141,Constantine,1200000
Fiat,Tipo,2011,238853,Essence,Manuelle,91,Setif,500000
Hyundai,Tucson,2016,127772,Diesel,Manuelle,116,Setif,1450000
Hyundai,i10,2014,184889,Essence,Manuelle,142,Constantine,1100000
Hyundai,i10,2015,218807,Diesel,Manuelle,173,Oran,1550000
Kia,Cerato,2012,156969,Diesel,Automatique,97,Annaba,950000
Renault,Megane,2010,24346,Essence,Manuelle,124,Constantine,900000
Chevrolet,Aveo,2020,11277,Diesel,Manuelle,146,Setif,1800000
Renault,Logan,2005,99515,Diesel,Manuelle,136,Constantine,1100000
